hltm_topic_id,hltm_label,bertopic_id,bertopic_label,overlap_count,overlap_ids,matched_topic_size,overlap_ratio_over_hltm,overlap_ratio_over_bertopic
Z1197,Business Issues,33,Topic 33: San Miguel Corporation,17,"['683', '1004', '1157', '1344', '131', '1382', '1400', '1536', '2125', '1275', '74', '1314', '2491', '1088', '1135', '999', '624']",33,0.030035335689045935,0.5151515151515151
Z1197,Business Issues,39,Topic 39: Racial Discrimination,18,"['265', '2224', '1792', '2675', '1462', '1169', '2519', '2452', '394', '1314', '1710', '841', '656', '1809', '2316', '312', '2342', '1998']",35,0.03180212014134275,0.5142857142857142
Z1197,Business Issues,40,Topic 40: Largest Solar Power Projects in Manila / Southeast Asia,27,"['1543', '1227', '1037', '1237', '1631', '1925', '1619', '8', '1078', '118', '1135', '1661', '2183', '237', '1922', '143', '1314', '1141', '2065', '303', '1596', '2691', '1539', '2374', '1024', '379', '953']",49,0.04770318021201413,0.5510204081632653
Z1190,Single Women and Opinions,94,Topic 94: Friendly and Romantic Relationships ,17,"['295', '1412', '303', '1150', '2352', '4', '765', '1631', '1103', '2110', '2519', '1794', '79', '1957', '33', '915', '2031']",33,0.04632152588555858,0.5151515151515151
Z180,Sea Diving,10,Topic 10: Swimming with Whale Sharks ,58,"['1018', '1708', '1867', '839', '100', '932', '2618', '2449', '1591', '1968', '232', '387', '1094', '993', '1176', '2632', '906', '994', '1026', '0', '2593', '2684', '326', '2336', '793', '2473', '2282', '2574', '1252', '1388', '930', '2054', '320', '1828', '400', '1225', '205', '1705', '285', '386', '1343', '606', '1047', '496', '917', '1193', '360', '2053', '1663', '391', '54', '944', '1680', '1702', '2570', '1206', '2031', '430']",110,0.21481481481481482,0.5272727272727272
Z1156,Tagalog Education,1,Topic 1: Learning and Speaking Foreign Language,143,"['551', '664', '2021', '1154', '986', '426', '123', '1073', '956', '1044', '2588', '1603', '1704', '59', '1431', '476', '1118', '1189', '368', '2575', '2382', '274', '742', '297', '405', '1695', '293', '899', '1173', '1948', '500', '2315', '2363', '1011', '917', '40', '2522', '2585', '1502', '855', '1839', '358', '2653', '519', '2128', '428', '2408', '1462', '2147', '332', '1271', '201', '1473', '1365', '1821', '1594', '1847', '267', '2340', '1582', '2439', '2498', '1538', '2692', '1514', '2243', '1244', '2598', '1897', '1054', '1433', '36', '2381', '711', '1686', '578', '1228', '1486', '2285', '1287', '1246', '1366', '1081', '1428', '530', '1562', '1467', '1198', '1747', '1881', '1898', '2013', '514', '1762', '2355', '319', '116', '2446', '2190', '1541', '1378', '1628', '1934', '180', '2591', '1376', '392', '1633', '587', '215', '782', '2102', '520', '1443', '717', '1272', '749', '2597', '891', '678', '675', '1920', '1940', '845', '1330', '2428', '2386', '1387', '1533', '2657', '1355', '2553', '2592', '2586', '2543', '2335', '555', '2391', '2265', '1979', '1931', '401', '1658']",258,0.5276752767527675,0.5542635658914729
Z245,"Celebrity, Faith, and Perception",14,Topic 14: Spanish Colonialism in the Philippines,28,"['265', '154', '72', '232', '1135', '94', '1900', '1366', '2247', '862', '1462', '1940', '2185', '1355', '1710', '2498', '2383', '917', '941', '1502', '81', '246', '1979', '2178', '1680', '200', '93', '2554']",55,0.04472843450479233,0.509090909090909
Z245,"Celebrity, Faith, and Perception",46,Topic 46: National Flag,16,"['373', '356', '603', '1154', '1462', '2563', '599', '2257', '1979', '1133', '500', '2498', '200', '1502', '94', '2398']",30,0.025559105431309903,0.5333333333333333
Z212,Sunset Boat Tours ,10,Topic 10: Swimming with Whale Sharks ,64,"['1083', '968', '1708', '519', '839', '932', '1686', '1968', '1591', '2426', '2140', '1552', '2398', '1977', '1176', '993', '906', '994', '1026', '1689', '1568', '0', '2593', '2399', '326', '793', '2473', '314', '1893', '2637', '1721', '2282', '2010', '2574', '1252', '731', '930', '1828', '1225', '1438', '205', '285', '1493', '1343', '2057', '606', '1047', '496', '1193', '360', '391', '2356', '944', '2367', '1385', '1680', '2671', '1702', '1212', '1206', '7', '1635', '100', '430']",110,0.15647921760391198,0.5818181818181818
Z1186,Famous and Popular,46,Topic 46: National Flag,19,"['1154', '1341', '94', '2398', '356', '1462', '2563', '1133', '373', '1744', '500', '2096', '902', '2498', '630', '934', '1979', '200', '1502']",30,0.022538552787663108,0.6333333333333333
Z1186,Famous and Popular,54,Topic 54: Manila Cathedral,34,"['1731', '1154', '34', '1179', '2433', '1727', '1896', '1591', '2482', '703', '2308', '1409', '308', '1497', '618', '1697', '2461', '536', '456', '95', '959', '383', '2517', '2333', '1528', '327', '753', '2527', '1121', '1420', '1997', '669', '2407', '2688']",67,0.04033214709371293,0.5074626865671642
Z1186,Famous and Popular,73,Topic 73: Chinatown Manila,30,"['2567', '351', '154', '1085', '444', '2308', '289', '874', '1887', '2578', '1157', '196', '2230', '2076', '1730', '984', '2455', '2646', '1613', '840', '383', '650', '2007', '934', '1528', '1122', '347', '2367', '1997', '2690']",59,0.03558718861209965,0.5084745762711864
Z1186,Famous and Popular,74,Topic 74: Philippine Beauty Pageant & Miss Universe,26,"['518', '1946', '18', '1798', '203', '237', '2230', '1660', '2452', '1586', '1144', '1671', '1744', '367', '575', '2045', '762', '2498', '1833', '1322', '2453', '2598', '931', '1979', '2367', '2661']",51,0.03084223013048636,0.5098039215686274
Z1186,Famous and Popular,81,Topic 81: Coconut Varieties and Production,32,"['1419', '846', '885', '250', '461', '1111', '1167', '1825', '641', '956', '1887', '1176', '1462', '984', '1953', '2182', '1225', '1742', '1355', '500', '2517', '2498', '1089', '917', '1979', '1768', '1202', '1502', '2287', '1849', '1196', '2661']",61,0.03795966785290629,0.5245901639344263
Z1186,Famous and Popular,88,Topic 88: Squarespace and Online Content Creation ,18,"['551', '1929', '2219', '721', '1265', '2133', '932', '1529', '2629', '444', '1968', '961', '213', '2241', '1791', '2487', '100', '115']",35,0.021352313167259787,0.5142857142857142
Z1186,Famous and Popular,92,Topic 92: Going to Shopping Malls and Street Markets in Manila,29,"['1475', '2682', '1726', '537', '789', '980', '374', '568', '1730', '1678', '2282', '1404', '220', '1170', '1213', '291', '500', '548', '2498', '1049', '141', '2594', '1836', '454', '2527', '2062', '238', '100', '1734']",56,0.03440094899169632,0.5178571428571429
Z1106,Outdoor Fashion,6,Topic 6: Wildlife Species & Conservation,25,"['243', '1179', '86', '1094', '1001', '1798', '499', '1176', '237', '317', '1911', '439', '1126', '840', '1248', '320', '1438', '2053', '1682', '1663', '1061', '1625', '1388', '387', '864']",49,0.07987220447284345,0.5102040816326531
Z37,Music and Singing,36,Topic 36: Officer Meijii Yoshimi and the Onoda Incident,18,"['717', '607', '1908', '575', '280', '1224', '1844', '2267', '2345', '2558', '2654', '206', '1925', '90', '1759', '1339', '1634', '290']",34,0.04433497536945813,0.5294117647058824
Z37,Music and Singing,47,Topic 47: Singing and Dancing Stars,70,"['1425', '1268', '98', '2152', '1115', '426', '1621', '491', '2136', '206', '498', '961', '1356', '1946', '25', '203', '1417', '490', '1035', '169', '481', '356', '2266', '479', '1285', '1958', '315', '2452', '1872', '2643', '1242', '1003', '889', '1208', '132', '2476', '1749', '940', '2305', '2644', '1446', '2504', '1151', '1886', '575', '1243', '1164', '1473', '2218', '2040', '2468', '2369', '645', '2025', '248', '1637', '538', '2073', '1029', '1263', '988', '2042', '607', '1918', '92', '1281', '1288', '808', '2217', '2525']",99,0.1724137931034483,0.7070707070707071
Z193,Fish,10,Topic 10: Swimming with Whale Sharks ,56,"['968', '732', '1708', '519', '839', '932', '2618', '1968', '1591', '2140', '1552', '2398', '1977', '1176', '993', '906', '994', '1026', '1689', '49', '0', '2593', '430', '2684', '1700', '793', '2473', '314', '1893', '2637', '1252', '859', '930', '2054', '65', '1828', '400', '1225', '205', '285', '1493', '386', '1343', '1047', '917', '40', '391', '2356', '2367', '1385', '1680', '1702', '1212', '387', '100', '1267']",110,0.1154639175257732,0.509090909090909
Z228,Crispy and Tasty Fried Dishes,13,Topic 13: Balut and other Eggs,57,"['888', '1739', '657', '1554', '1111', '641', '1085', '1295', '2569', '139', '537', '1606', '506', '2635', '1755', '397', '1971', '1480', '970', '1408', '1955', '2230', '1567', '984', '2669', '1648', '2291', '718', '1241', '742', '521', '1586', '1613', '1126', '1033', '95', '1612', '843', '1493', '1188', '1194', '2383', '900', '813', '239', '1481', '608', '1895', '1391', '1063', '1202', '868', '2207', '440', '547', '627', '2407']",94,0.08177905308464849,0.6063829787234043
Z228,Crispy and Tasty Fried Dishes,19,Topic 19: Philippine Halo-Halo Dessert,155,"['1349', '1739', '2616', '2682', '1504', '2198', '2566', '397', '372', '1408', '990', '939', '323', '1478', '468', '1392', '2015', '817', '634', '1469', '1532', '400', '467', '622', '872', '708', '309', '1009', '2055', '2312', '1625', '1218', '1988', '2353', '221', '1202', '627', '971', '2092', '186', '1715', '429', '2052', '835', '2456', '1727', '2569', '341', '1123', '1128', '1247', '1531', '980', '2081', '359', '1928', '1765', '974', '2536', '1955', '615', '2252', '46', '1065', '456', '609', '1231', '179', '1194', '2445', '900', '441', '946', '1852', '2407', '1812', '1342', '1020', '461', '617', '2121', '139', '1653', '644', '1236', '190', '224', '493', '1030', '213', '268', '1241', '586', '1586', '2277', '95', '726', '2487', '738', '1736', '630', '866', '416', '931', '694', '1420', '1201', '1702', '2201', '1997', '2633', '1849', '470', '2615', '2209', '506', '155', '707', '2326', '1097', '2206', '1551', '1818', '1694', '1435', '970', '317', '2518', '744', '2254', '1506', '550', '381', '1967', '728', '513', '1638', '909', '1190', '2419', '1529', '650', '152', '1787', '2316', '1483', '2380', '322', '504', '1095', '1313', '620', '2127', '2364', '1175']",228,0.2223816355810617,0.6798245614035088
Z228,Crispy and Tasty Fried Dishes,34,Topic 34: Squid,93,"['352', '2662', '1331', '2494', '2566', '736', '1408', '323', '468', '1944', '999', '1613', '2484', '455', '1569', '2527', '1125', '1045', '565', '41', '641', '1606', '809', '341', '1531', '2651', '359', '1928', '974', '592', '2444', '1293', '2134', '1578', '609', '1696', '348', '1194', '2573', '623', '2071', '1308', '837', '918', '716', '1580', '1068', '2384', '2036', '1678', '552', '1241', '2277', '1495', '1402', '1814', '108', '2487', '1340', '1895', '416', '11', '234', '848', '1544', '1645', '470', '784', '1249', '707', '2206', '229', '2341', '568', '183', '937', '415', '1557', '769', '1648', '1320', '2274', '1235', '795', '1384', '1787', '1289', '1483', '322', '1095', '1313', '492', '1653']",130,0.133428981348637,0.7153846153846154
Z228,Crispy and Tasty Fried Dishes,116,Topic 116: Chicken & its Specific Related Dishes ,23,"['664', '784', '657', '461', '696', '374', '2206', '618', '323', '1284', '1855', '1807', '2024', '2445', '2150', '813', '2043', '866', '263', '2162', '982', '1702', '1054']",41,0.03299856527977044,0.5609756097560976
Z248,Influence of Spanish and American Occupation,14,Topic 14: Spanish Colonialism in the Philippines,49,"['265', '869', '123', '154', '1329', '72', '2408', '578', '1933', '232', '2308', '1135', '94', '1409', '1689', '1900', '1366', '2247', '862', '1462', '1940', '1467', '2185', '2274', '1691', '2147', '2211', '1767', '1695', '850', '1355', '1710', '116', '2498', '2069', '2383', '1541', '917', '884', '941', '1502', '81', '1979', '2178', '1680', '200', '93', '2554', '1870']",55,0.13687150837988826,0.8909090909090909
Z248,Influence of Spanish and American Occupation,46,Topic 46: National Flag,18,"['373', '603', '1695', '1154', '1589', '1502', '1462', '2257', '599', '1979', '1341', '1133', '500', '2096', '2498', '200', '94', '2398']",30,0.05027932960893855,0.6
Z1204,"War, Soldiers, and National Defense",4,"Topic 4: Military Assets, Combat, Strategies",24,"['1050', '1344', '1970', '1933', '382', '826', '1595', '2185', '1251', '2279', '1299', '1187', '2130', '2214', '1710', '1', '1373', '2225', '245', '604', '2115', '2191', '482', '841']",47,0.14035087719298245,0.5106382978723404
Z1204,"War, Soldiers, and National Defense",14,Topic 14: Spanish Colonialism in the Philippines,35,"['265', '154', '1329', '1933', '232', '2308', '1135', '2621', '1409', '1900', '1366', '862', '1462', '1940', '2185', '1691', '2211', '1767', '1355', '1710', '116', '2498', '2069', '604', '917', '884', '941', '1502', '81', '1979', '2178', '200', '93', '2554', '1870']",55,0.2046783625730994,0.6363636363636364
Z1147,Seasoning,34,Topic 34: Squid,68,"['470', '1045', '565', '716', '985', '1580', '1249', '41', '641', '1331', '1653', '1606', '380', '809', '341', '1068', '1531', '2384', '2651', '903', '229', '2341', '1928', '568', '974', '1408', '183', '2036', '1678', '592', '415', '468', '2156', '1557', '769', '1241', '1613', '1293', '2177', '252', '2134', '795', '256', '609', '1402', '1787', '348', '195', '1289', '2484', '2573', '322', '1699', '1095', '623', '2071', '1340', '1313', '1664', '1895', '492', '1308', '1569', '11', '234', '837', '848', '1645']",130,0.19101123595505617,0.5230769230769231
Z110,Local Community,14,Topic 14: Spanish Colonialism in the Philippines,35,"['869', '154', '72', '232', '1135', '94', '2621', '1409', '1900', '1490', '1366', '2247', '1462', '1940', '1467', '1691', '2211', '1355', '116', '2498', '1741', '2069', '2383', '604', '1541', '917', '941', '1502', '81', '1979', '1680', '200', '93', '2554', '1870']",55,0.048409405255878286,0.6363636363636364
Z110,Local Community,21,Topic 21: Banaue Rice Terraces,40,"['1083', '519', '1154', '869', '461', '2126', '2666', '932', '1591', '289', '761', '2493', '182', '1900', '2247', '1462', '1133', '1183', '1781', '611', '95', '1518', '1355', '500', '1803', '2226', '2498', '1616', '2069', '934', '1528', '917', '2151', '941', '103', '2356', '1979', '2255', '1502', '2014']",63,0.05532503457814661,0.6349206349206349
Z110,Local Community,46,Topic 46: National Flag,16,"['934', '603', '1154', '2698', '1462', '2257', '599', '1979', '1133', '1800', '500', '2498', '200', '1502', '94', '2398']",30,0.022130013831258646,0.5333333333333333
Z110,Local Community,54,Topic 54: Manila Cathedral,38,"['2338', '1154', '1227', '1179', '1727', '1591', '2482', '506', '1409', '1537', '308', '1497', '618', '1771', '1697', '1942', '1092', '2461', '2054', '560', '456', '95', '899', '1485', '2301', '383', '2517', '1528', '600', '2668', '753', '2527', '1121', '1420', '1997', '669', '2407', '2688']",67,0.05255878284923928,0.5671641791044776
Z110,Local Community,73,Topic 73: Chinatown Manila,30,"['1266', '2567', '869', '154', '1085', '444', '289', '874', '2048', '1887', '2578', '2230', '2076', '984', '2455', '445', '1235', '1613', '1353', '383', '2007', '606', '2383', '934', '1528', '2151', '51', '347', '1997', '2690']",59,0.04149377593360996,0.5084745762711864
Z110,Local Community,77,Topic 77: Rizal Park Monument & Manila Cemetery,17,"['658', '950', '2666', '1884', '560', '1335', '1179', '2551', '879', '2076', '1565', '2682', '2600', '1702', '2639', '520', '1134']",32,0.02351313969571231,0.53125
Z110,Local Community,110,Topic 110: Experiencing Culture Shock,26,"['520', '2083', '717', '1929', '2477', '1346', '80', '1142', '879', '2118', '666', '1133', '23', '881', '1139', '1350', '1485', '601', '2517', '561', '1503', '2438', '2591', '1931', '1997', '2020']",51,0.035961272475795295,0.5098039215686274
Z213,Fruits & Dietary Items,19,Topic 19: Philippine Halo-Halo Dessert,122,"['1349', '2169', '1739', '2616', '142', '2682', '2685', '1504', '2198', '2566', '2105', '1408', '990', '323', '1392', '2015', '634', '1469', '713', '467', '872', '917', '309', '1009', '2312', '1625', '1218', '1988', '1202', '627', '2092', '186', '429', '1727', '2569', '294', '289', '341', '1123', '1247', '1531', '2081', '359', '974', '2252', '13', '46', '1065', '2613', '456', '609', '1231', '179', '1194', '2445', '900', '1370', '441', '890', '2062', '2407', '968', '461', '1802', '2248', '617', '1109', '1413', '1236', '224', '268', '1241', '95', '2487', '738', '438', '630', '1736', '2272', '866', '931', '694', '1420', '1201', '1702', '2201', '2633', '1849', '470', '758', '2209', '506', '584', '707', '1097', '50', '1818', '1694', '196', '1435', '970', '2518', '744', '1506', '550', '1953', '513', '1843', '909', '1190', '2419', '650', '2316', '1483', '1155', '2380', '322', '504', '1095', '620', '75', '1175']",228,0.2546972860125261,0.5350877192982456
Z213,Fruits & Dietary Items,89,Topic 89: Mango Fruit,33,"['985', '699', '789', '501', '380', '822', '1091', '229', '1490', '475', '1186', '369', '1106', '2065', '62', '1964', '10', '1728', '2411', '453', '422', '176', '438', '437', '2272', '441', '2526', '992', '1207', '1768', '1054', '1158', '2661']",63,0.06889352818371608,0.5238095238095238
Z316,Movie Star Influence,14,Topic 14: Spanish Colonialism in the Philippines,32,"['154', '72', '232', '2308', '1135', '94', '1409', '1900', '1366', '2247', '862', '1462', '1940', '2185', '2147', '2211', '1355', '1710', '2498', '2069', '2383', '917', '941', '1502', '81', '1979', '2178', '1680', '200', '93', '2554', '1870']",55,0.04060913705583756,0.5818181818181818
Z316,Movie Star Influence,46,Topic 46: National Flag,16,"['934', '373', '356', '603', '1154', '1462', '599', '1979', '1133', '500', '2498', '2096', '200', '1502', '94', '2398']",30,0.02030456852791878,0.5333333333333333
Z316,Movie Star Influence,54,Topic 54: Manila Cathedral,35,"['2338', '1731', '1154', '34', '2433', '1727', '1896', '1591', '2482', '703', '2308', '1409', '308', '1497', '618', '1697', '2461', '536', '456', '95', '959', '1485', '383', '2517', '2696', '2333', '327', '2527', '1121', '1420', '2193', '1997', '669', '2407', '2688']",67,0.044416243654822336,0.5223880597014925
Z316,Movie Star Influence,74,Topic 74: Philippine Beauty Pageant & Miss Universe,30,"['1425', '518', '1946', '18', '1798', '237', '479', '2230', '2677', '2452', '1586', '1144', '1998', '1671', '367', '575', '762', '2073', '1835', '2498', '1833', '1322', '2453', '1979', '2519', '2367', '180', '747', '424', '2661']",51,0.03807106598984772,0.5882352941176471
Z316,Movie Star Influence,91,Topic 91: Metro Manila as the National Capital Region,28,"['519', '1154', '1078', '232', '1900', '1236', '1366', '308', '2655', '317', '1462', '1940', '2075', '1807', '1485', '1529', '1355', '1723', '2096', '2373', '2498', '1049', '2153', '2337', '1979', '1202', '1530', '1502']",53,0.03553299492385787,0.5283018867924528
Z217,Swimming and Diving with Sea Creatures,10,Topic 10: Swimming with Whale Sharks ,78,"['1867', '2634', '1094', '0', '2399', '314', '2382', '2054', '400', '1493', '2031', '496', '40', '917', '2356', '2367', '1267', '1018', '2618', '1591', '2426', '232', '1977', '1176', '1893', '1828', '285', '1343', '1047', '1663', '391', '1680', '2570', '1206', '1635', '968', '1686', '2449', '2140', '993', '2632', '906', '994', '1026', '2593', '326', '793', '2473', '1252', '1747', '930', '320', '1225', '205', '360', '54', '944', '1702', '1388', '100', '1708', '932', '1968', '1552', '2398', '49', '2336', '2282', '2574', '386', '606', '652', '1193', '2053', '1212', '387', '1930', '430']",110,0.2988505747126437,0.7090909090909091
Z38,Shopping and Currency,5,Topic 5: Barber Services,54,"['551', '626', '1867', '2495', '1277', '2650', '2188', '289', '1923', '509', '980', '1921', '42', '723', '399', '1537', '1618', '2458', '2290', '1927', '2533', '2646', '1383', '1506', '445', '335', '526', '674', '1271', '1134', '2213', '2608', '2219', '1581', '2448', '2283', '1173', '1612', '548', '285', '2459', '2017', '76', '801', '422', '1806', '1741', '1980', '140', '890', '2162', '1218', '1849', '2688']",93,0.06923076923076923,0.5806451612903226
Z38,Shopping and Currency,20,Topic 20: Travel Immigration & Visa Processes,36,"['1018', '657', '1037', '932', '1101', '789', '2664', '2140', '331', '1279', '1994', '2629', '1510', '2196', '624', '117', '690', '729', '2448', '1278', '2691', '425', '1828', '2082', '661', '582', '683', '2224', '1357', '2135', '1339', '1622', '2058', '1702', '831', '163']",68,0.046153846153846156,0.5294117647058824
Z38,Shopping and Currency,26,Topic 26: Local Coffee and Coffee Shops,50,"['1686', '72', '2569', '1868', '2482', '1069', '431', '2635', '1755', '559', '789', '331', '1316', '1851', '893', '2230', '2161', '2667', '2646', '1093', '2702', '1721', '1942', '751', '1506', '1235', '1134', '389', '1513', '287', '690', '2478', '1335', '2488', '851', '548', '2517', '176', '934', '2138', '1049', '1512', '2531', '263', '838', '931', '2328', '39', '1544', '1201']",87,0.0641025641025641,0.5747126436781609
Z38,Shopping and Currency,33,Topic 33: San Miguel Corporation,17,"['683', '1004', '1081', '1344', '1382', '1400', '1536', '2125', '624', '255', '1275', '661', '74', '790', '1684', '999', '182']",33,0.021794871794871794,0.5151515151515151
Z38,Shopping and Currency,54,Topic 54: Manila Cathedral,34,"['794', '1731', '1227', '1179', '2433', '1727', '578', '1591', '2482', '703', '2308', '1409', '1614', '1537', '308', '618', '1942', '2054', '560', '456', '95', '899', '2517', '2333', '1528', '600', '2668', '860', '2527', '1121', '1420', '2193', '669', '2688']",67,0.04358974358974359,0.5074626865671642
Z38,Shopping and Currency,58,Topic 58: Drinks & Relaxation by the Pool,29,"['551', '794', '1838', '1867', '1394', '2650', '1868', '289', '2612', '1649', '1090', '399', '1236', '2593', '922', '335', '1359', '859', '690', '1596', '1407', '2600', '298', '1159', '2333', '4', '1590', '931', '1622']",51,0.03717948717948718,0.5686274509803921
Z38,Shopping and Currency,73,Topic 73: Chinatown Manila,33,"['2567', '154', '1085', '444', '2308', '289', '509', '2048', '1887', '1279', '196', '2230', '571', '2076', '2646', '445', '2196', '1235', '1613', '151', '650', '2007', '606', '2383', '934', '1528', '1122', '51', '2235', '347', '860', '2256', '2690']",59,0.04230769230769231,0.559322033898305
Z38,Shopping and Currency,75,Topic 75: Internet Connectivity in Tourist Destinations,27,"['888', '1838', '603', '657', '704', '182', '1118', '2370', '1491', '1153', '1271', '2277', '117', '2448', '927', '255', '2082', '27', '422', '437', '178', '2527', '1976', '764', '2193', '1635', '1734']",48,0.03461538461538462,0.5625
Z38,Shopping and Currency,92,Topic 92: Going to Shopping Malls and Street Markets in Manila,33,"['1376', '836', '1475', '505', '2682', '537', '789', '822', '980', '374', '1640', '568', '238', '2282', '1170', '2154', '1596', '1213', '1965', '548', '2498', '1049', '141', '1836', '1233', '454', '1503', '2027', '2162', '2527', '2062', '2549', '1734']",56,0.04230769230769231,0.5892857142857143
Z38,Shopping and Currency,114,"Topic 114: Specific Venues: Circle Hall, Hobbit House, and Themed Spots ",30,"['1665', '758', '2125', '388', '578', '1957', '703', '1798', '1921', '237', '939', '2376', '1318', '117', '1335', '1476', '1173', '2262', '650', '1159', '1616', '2138', '543', '838', '342', '860', '1976', '1702', '2527', '1121']",51,0.038461538461538464,0.5882352941176471
Z38,Shopping and Currency,115,Topic 115: Bicycle & Tricycle Rental,33,"['888', '966', '382', '222', '42', '906', '1921', '1537', '1081', '920', '1226', '583', '463', '97', '2213', '2670', '152', '422', '801', '437', '2289', '2333', '2153', '2298', '1623', '2499', '1357', '2235', '1780', '2288', '837', '24', '1734']",59,0.04230769230769231,0.559322033898305
Z34,Adventure Tours and Boat Exploration in Cebu,10,Topic 10: Swimming with Whale Sharks ,66,"['968', '1708', '519', '2572', '2666', '839', '932', '1686', '1968', '1591', '2426', '2140', '1552', '2398', '1977', '1176', '993', '906', '994', '1026', '1568', '0', '2593', '2399', '326', '793', '2473', '1893', '2282', '1721', '2637', '2010', '2574', '1252', '731', '930', '320', '1828', '1225', '1438', '205', '285', '1493', '1343', '2057', '606', '1047', '496', '917', '652', '360', '1193', '391', '2356', '944', '2367', '1385', '1680', '2671', '1702', '1212', '1206', '7', '1635', '100', '430']",110,0.1456953642384106,0.6
Z1141,Tourist Islands,10,Topic 10: Swimming with Whale Sharks ,82,"['1867', '1094', '1568', '0', '2399', '2637', '1721', '2054', '400', '1705', '1493', '496', '40', '917', '2356', '1267', '1018', '732', '519', '2618', '1591', '232', '1977', '1176', '1893', '731', '1828', '285', '1343', '1047', '1663', '391', '1680', '1206', '1635', '968', '58', '2572', '839', '1686', '2140', '993', '906', '994', '1026', '1689', '2593', '2684', '326', '793', '2473', '1252', '1747', '930', '320', '1225', '205', '2057', '360', '54', '944', '2671', '1702', '1388', '100', '1708', '932', '1968', '1552', '2336', '2282', '2574', '1438', '386', '606', '652', '1193', '2053', '1212', '7', '1930', '430']",110,0.11341632088520055,0.7454545454545455
Z1141,Tourist Islands,14,Topic 14: Spanish Colonialism in the Philippines,39,"['869', '154', '2408', '578', '232', '2308', '1135', '94', '1409', '1689', '1900', '1490', '1366', '2247', '862', '1462', '1940', '1467', '2185', '1691', '2147', '2211', '1767', '1695', '1355', '1710', '2498', '2069', '604', '917', '941', '1502', '81', '1979', '2178', '1680', '93', '2554', '1870']",55,0.05394190871369295,0.7090909090909091
Z1141,Tourist Islands,20,Topic 20: Travel Immigration & Visa Processes,35,"['1018', '1943', '657', '1037', '1633', '932', '789', '2664', '1685', '2140', '2694', '1922', '1994', '2629', '624', '117', '690', '729', '1278', '425', '1828', '1837', '2082', '661', '1338', '185', '2135', '1339', '1622', '344', '2058', '1460', '1702', '2104', '163']",68,0.048409405255878286,0.5147058823529411
Z1141,Tourist Islands,21,Topic 21: Banaue Rice Terraces,41,"['307', '519', '1154', '869', '2126', '1073', '932', '578', '1591', '289', '761', '182', '1900', '2247', '862', '1462', '1133', '1781', '2154', '611', '2002', '1518', '1355', '500', '1803', '386', '2498', '1616', '2069', '934', '1528', '917', '2151', '941', '103', '2356', '1979', '2255', '1502', '2014', '1468']",63,0.056708160442600276,0.6507936507936508
Z1141,Tourist Islands,40,Topic 40: Largest Solar Power Projects in Manila / Southeast Asia,25,"['1543', '657', '26', '1227', '1037', '1631', '505', '1925', '1619', '8', '1078', '118', '1135', '2183', '237', '1922', '1314', '2284', '1106', '2029', '2574', '2446', '2374', '981', '39']",49,0.034578146611341634,0.5102040816326531
Z1141,Tourist Islands,75,Topic 75: Internet Connectivity in Tourist Destinations,30,"['888', '1838', '657', '2126', '427', '704', '1676', '1558', '182', '1118', '1574', '2370', '1688', '1491', '1153', '1271', '439', '117', '2159', '1350', '255', '2082', '27', '422', '437', '1976', '7', '1635', '1930', '1267']",48,0.04149377593360996,0.625
Z1141,Tourist Islands,114,"Topic 114: Specific Venues: Circle Hall, Hobbit House, and Themed Spots ",26,"['1543', '388', '578', '703', '1957', '1798', '1921', '237', '2597', '1834', '2376', '117', '1335', '1476', '650', '1835', '1159', '1616', '2396', '543', '838', '753', '342', '860', '1976', '1702']",51,0.035961272475795295,0.5098039215686274
Z230,Pork and Beef Soup Dishes,13,Topic 13: Balut and other Eggs,50,"['888', '1739', '1554', '1111', '641', '1085', '1295', '2569', '1606', '506', '2635', '1361', '397', '1971', '204', '2048', '237', '970', '1408', '1955', '2230', '2669', '2291', '718', '1241', '742', '521', '1126', '1613', '1033', '95', '1612', '843', '1493', '637', '1194', '2383', '900', '2529', '813', '1481', '1895', '344', '2062', '1202', '868', '440', '547', '627', '2407']",94,0.10040160642570281,0.5319148936170213
Z230,Pork and Beef Soup Dishes,19,Topic 19: Philippine Halo-Halo Dessert,124,"['1349', '2169', '1739', '250', '142', '2682', '2685', '1504', '2198', '2566', '397', '754', '1408', '323', '1478', '1392', '634', '1469', '1532', '713', '467', '622', '872', '708', '1625', '1988', '1202', '627', '186', '1715', '2052', '2645', '2456', '1727', '2569', '289', '1123', '1247', '2081', '359', '1928', '1765', '974', '2536', '1955', '615', '13', '46', '1065', '2613', '456', '609', '179', '1194', '2445', '900', '441', '1879', '344', '347', '2062', '946', '2407', '1812', '1020', '461', '617', '2121', '1236', '190', '1962', '213', '875', '1241', '586', '2277', '95', '726', '2487', '738', '1736', '630', '866', '931', '694', '1420', '1201', '1702', '1997', '2633', '470', '758', '2209', '506', '155', '50', '1551', '1818', '1435', '970', '317', '2518', '744', '1506', '550', '381', '1967', '728', '1843', '1638', '909', '1190', '2419', '1529', '1787', '152', '2316', '2380', '322', '504', '1095', '1313', '75', '1653']",228,0.24899598393574296,0.543859649122807
Z230,Pork and Beef Soup Dishes,34,Topic 34: Squid,72,"['470', '1045', '784', '565', '716', '985', '1580', '352', '41', '641', '2662', '1331', '1606', '2384', '809', '1653', '2566', '371', '736', '229', '754', '359', '1928', '2341', '974', '568', '1408', '183', '937', '323', '1678', '1557', '2156', '1944', '769', '1320', '1241', '1235', '2444', '1613', '1293', '2277', '252', '795', '1384', '609', '1544', '1814', '1787', '914', '348', '108', '2487', '1289', '1194', '2529', '455', '2573', '322', '1095', '623', '2071', '1313', '1895', '1545', '11', '1569', '2527', '234', '1125', '837', '848']",130,0.14457831325301204,0.5538461538461539
Z123,Walking and Traffic,38,Topic 38: Basilicas and Cathedrals in the Philippines,24,"['985', '1179', '2433', '2682', '2077', '1798', '1689', '237', '2124', '1092', '892', '95', '1476', '899', '936', '311', '2696', '1528', '1416', '1553', '1617', '549', '2023', '855']",42,0.03319502074688797,0.5714285714285714
Z123,Walking and Traffic,54,Topic 54: Manila Cathedral,37,"['794', '1731', '1154', '34', '1179', '2433', '1896', '578', '1591', '506', '703', '2482', '1409', '1689', '2124', '308', '1589', '618', '1092', '2461', '560', '456', '95', '899', '2539', '1485', '2696', '2333', '1528', '600', '2668', '860', '1121', '2193', '2311', '669', '2688']",67,0.051175656984785614,0.5522388059701493
Z123,Walking and Traffic,58,Topic 58: Drinks & Relaxation by the Pool,27,"['551', '794', '1838', '1394', '2429', '2033', '2146', '289', '1090', '2593', '269', '922', '335', '1359', '2087', '2352', '690', '1596', '1407', '2600', '2322', '936', '1159', '2333', '52', '682', '1622']",51,0.03734439834024896,0.5294117647058824
Z123,Walking and Traffic,73,Topic 73: Chinatown Manila,30,"['2567', '351', '154', '1085', '289', '874', '509', '196', '269', '1589', '590', '1730', '2076', '984', '2455', '2646', '1235', '151', '650', '2007', '606', '934', '1528', '1122', '51', '2544', '860', '411', '2256', '2690']",59,0.04149377593360996,0.5084745762711864
Z123,Walking and Traffic,92,Topic 92: Going to Shopping Malls and Street Markets in Manila,30,"['1376', '985', '1475', '2682', '1726', '789', '2083', '374', '1640', '1689', '568', '2432', '1730', '1678', '2154', '1596', '1965', '291', '548', '107', '936', '1049', '2594', '901', '1836', '1233', '454', '1503', '238', '100']",56,0.04149377593360996,0.5357142857142857
Z123,Walking and Traffic,101,Topic 101: Korean Presence and Community in Mindanao,18,"['689', '1553', '1659', '2247', '2535', '417', '1788', '2571', '2163', '1226', '1162', '2590', '82', '258', '450', '1299', '2004', '207']",33,0.024896265560165973,0.5454545454545454
Z123,Walking and Traffic,116,Topic 116: Chicken & its Specific Related Dishes ,21,"['664', '461', '380', '696', '374', '2059', '2206', '618', '323', '1855', '731', '1807', '210', '1122', '2043', '1233', '263', '982', '1702', '1054', '2256']",41,0.029045643153526972,0.5121951219512195
Z314,English Language Learning and Education,1,Topic 1: Learning and Speaking Foreign Language,156,"['551', '664', '265', '2021', '1154', '986', '426', '123', '1143', '956', '1044', '2588', '704', '1704', '59', '2477', '1431', '476', '1118', '471', '2290', '1574', '1189', '2370', '368', '2575', '2382', '742', '297', '405', '1695', '293', '899', '1173', '1547', '1948', '500', '2315', '2363', '1011', '917', '40', '2522', '2585', '1502', '855', '1839', '358', '2653', '519', '2128', '428', '427', '2408', '2421', '1462', '332', '1271', '201', '1473', '1365', '1821', '1594', '1847', '267', '2340', '2511', '1582', '2439', '2498', '1538', '1514', '683', '2243', '1244', '2598', '1897', '1054', '36', '1433', '2381', '711', '1686', '578', '1228', '1486', '1246', '1792', '1366', '1081', '1428', '1851', '530', '1562', '1467', '1747', '1881', '1898', '2013', '514', '1762', '2355', '319', '116', '2446', '2190', '2362', '2396', '1541', '1378', '1628', '1934', '180', '2591', '1376', '392', '1633', '587', '215', '782', '2102', '520', '1443', '743', '717', '1272', '749', '2597', '891', '678', '675', '1940', '845', '1330', '2428', '2386', '1387', '1533', '655', '2657', '1169', '1355', '2070', '2553', '2592', '2586', '2543', '2335', '555', '2391', '2265', '1979', '1931', '895', '401', '1658']",258,0.4262295081967213,0.6046511627906976
Z241,"Filipina Dating, Marriage, and Partnerships",44,Topic 44: Dating & Relationships Setup,20,"['1074', '398', '1102', '2091', '2110', '233', '2004', '297', '1321', '856', '2340', '1015', '1518', '2511', '1885', '1713', '325', '1209', '1616', '2528']",39,0.06472491909385113,0.5128205128205128
Z234,Tourist Islands and Beaches,10,Topic 10: Swimming with Whale Sharks ,75,"['968', '1018', '1708', '519', '839', '932', '1686', '2618', '1968', '1591', '232', '1094', '2140', '1552', '1977', '1176', '993', '906', '994', '1026', '1689', '1568', '0', '2593', '2399', '2684', '430', '326', '2336', '793', '2473', '1893', '2282', '1721', '2382', '2574', '1252', '1747', '930', '2054', '320', '1828', '400', '1225', '205', '1705', '1438', '285', '1493', '386', '1343', '2057', '606', '1047', '496', '40', '917', '360', '652', '1193', '1663', '2053', '391', '54', '2356', '944', '1680', '1212', '1702', '1388', '1206', '7', '1635', '100', '1267']",110,0.18337408312958436,0.6818181818181818
Z1124,Metro Manila,91,Topic 91: Metro Manila as the National Capital Region,27,"['960', '1154', '1078', '232', '1900', '1366', '308', '1761', '317', '1462', '1940', '1966', '70', '91', '598', '2539', '1807', '851', '1355', '1723', '936', '2373', '2498', '1049', '2153', '1979', '1502']",53,0.08411214953271028,0.5094339622641509
Z1152,College Relations,8,Topic 8: Philippines’ Dating & Relationship of Females,55,"['1074', '1376', '951', '699', '2240', '1957', '782', '915', '1099', '59', '2623', '2477', '2124', '480', '433', '976', '2290', '272', '1040', '2579', '563', '935', '1273', '133', '1716', '166', '2476', '624', '2004', '1138', '1139', '1747', '1671', '1511', '2670', '2065', '2159', '2111', '2040', '1169', '1516', '174', '1835', '1108', '2138', '1903', '2522', '2467', '1904', '1451', '1593', '1391', '1274', '230', '1636']",98,0.09821428571428571,0.5612244897959183
Z1152,College Relations,23,Topic 23: Seasons and Weather ,38,"['1376', '2583', '2567', '451', '2294', '427', '1109', '1149', '2155', '1260', '717', '1861', '638', '1285', '1651', '1660', '268', '125', '1210', '1129', '1641', '2644', '1752', '713', '400', '1742', '2295', '298', '2439', '988', '1244', '780', '2467', '1357', '74', '1162', '1830', '1433']",72,0.06785714285714285,0.5277777777777778
Z1152,College Relations,56,Topic 56: Suspension of Classes in Schools,24,"['2212', '1465', '9', '26', '1631', '1726', '2642', '2083', '1168', '59', '2059', '2206', '2290', '1651', '530', '935', '1318', '624', '1511', '2094', '1155', '1903', '2543', '2467']",34,0.04285714285714286,0.7058823529411765
Z246,Pop Commercial Culture,54,Topic 54: Manila Cathedral,34,"['1731', '1154', '34', '1179', '2433', '1727', '1896', '1591', '2482', '703', '2308', '1409', '308', '1497', '618', '1697', '2461', '536', '456', '95', '959', '383', '2517', '2333', '1528', '327', '860', '2527', '1121', '1420', '1997', '669', '2407', '2688']",67,0.04899135446685879,0.5074626865671642
Z223,Coffee and Shopping,5,Topic 5: Barber Services,47,"['551', '626', '1867', '1277', '2650', '2188', '289', '1923', '509', '980', '1921', '42', '1537', '2068', '1403', '2290', '1927', '2533', '2646', '1506', '445', '335', '674', '1134', '2213', '2608', '2219', '2448', '2283', '1173', '1612', '548', '285', '2459', '1107', '76', '801', '2017', '422', '1741', '2069', '1980', '1644', '890', '2162', '1218', '2688']",93,0.0779436152570481,0.5053763440860215
Z223,Coffee and Shopping,26,Topic 26: Local Coffee and Coffee Shops,47,"['1686', '72', '2569', '1868', '2482', '1069', '431', '2635', '1755', '789', '331', '1316', '893', '1408', '2667', '2646', '1093', '2702', '1721', '1942', '751', '1506', '1235', '1134', '389', '1513', '287', '690', '2478', '1335', '2488', '851', '548', '2517', '2487', '176', '934', '1049', '1512', '2350', '2531', '263', '838', '1774', '2328', '39', '1201']",87,0.0779436152570481,0.5402298850574713
Z223,Coffee and Shopping,73,Topic 73: Chinatown Manila,31,"['1266', '2567', '154', '1085', '444', '2308', '289', '874', '509', '2048', '1887', '1279', '196', '571', '2076', '2646', '445', '1235', '1613', '650', '2007', '2383', '934', '1122', '51', '2235', '347', '860', '1774', '1997', '2690']",59,0.05140961857379768,0.5254237288135594
Z223,Coffee and Shopping,92,Topic 92: Going to Shopping Malls and Street Markets in Manila,30,"['1475', '2682', '1726', '537', '789', '822', '980', '374', '1640', '568', '208', '2282', '1404', '2154', '1596', '1213', '1965', '548', '936', '2498', '1049', '141', '1836', '1233', '454', '2027', '2162', '2527', '2062', '2549']",56,0.04975124378109453,0.5357142857142857
Z1110,Friendly Impressions,110,Topic 110: Experiencing Culture Shock,27,"['2560', '520', '2083', '717', '1929', '80', '2118', '705', '2163', '666', '1214', '881', '1139', '564', '1350', '216', '601', '1845', '902', '2329', '1503', '74', '2438', '2591', '1931', '1997', '2020']",51,0.05421686746987952,0.5294117647058824
Z310,Spicy Pork Dishes,13,Topic 13: Balut and other Eggs,60,"['888', '1739', '1554', '1111', '641', '1085', '1295', '2569', '537', '1606', '506', '2635', '1755', '397', '237', '970', '1408', '1955', '2230', '1567', '984', '2669', '1648', '2291', '718', '1241', '742', '521', '1586', '1613', '1126', '1033', '95', '1612', '843', '1084', '1493', '1188', '637', '1194', '210', '2383', '900', '2529', '14', '1481', '813', '1910', '608', '1895', '1391', '344', '1063', '2062', '1202', '868', '440', '547', '627', '2407']",94,0.09771986970684039,0.6382978723404256
Z310,Spicy Pork Dishes,19,Topic 19: Philippine Halo-Halo Dessert,141,"['1349', '1739', '250', '2682', '2685', '2198', '2566', '397', '2105', '754', '1408', '990', '323', '1478', '2015', '817', '634', '1532', '713', '400', '622', '872', '708', '309', '1009', '2055', '1625', '1202', '627', '971', '835', '186', '1715', '429', '2052', '2456', '1727', '2569', '341', '1123', '1128', '1247', '980', '2081', '359', '1928', '1765', '974', '2536', '1955', '1813', '615', '13', '2252', '46', '1065', '1299', '456', '609', '1231', '179', '1194', '2445', '900', '441', '1879', '344', '347', '2062', '946', '2407', '1342', '1020', '461', '2248', '617', '2121', '644', '612', '1236', '190', '1962', '1030', '213', '1241', '586', '1586', '2277', '95', '726', '2487', '738', '438', '630', '1736', '866', '396', '931', '694', '1420', '1201', '1702', '1997', '2633', '1849', '470', '1145', '2209', '506', '155', '707', '1097', '50', '1551', '1818', '1435', '970', '317', '744', '1506', '550', '381', '1967', '728', '1638', '909', '1190', '2419', '1529', '650', '152', '1787', '2316', '1483', '2380', '322', '504', '1095', '1313', '1653', '1175']",228,0.2296416938110749,0.618421052631579
Z310,Spicy Pork Dishes,34,Topic 34: Squid,90,"['352', '1972', '2662', '1331', '380', '2566', '736', '754', '1408', '323', '2156', '1944', '1283', '1613', '2177', '252', '914', '2484', '455', '1569', '2527', '1125', '1045', '1229', '41', '641', '1606', '809', '341', '371', '359', '1928', '974', '592', '2444', '1293', '2134', '609', '1696', '348', '1194', '623', '2071', '1308', '837', '716', '1580', '2547', '1068', '2384', '1678', '1241', '2277', '1402', '108', '2487', '2529', '1340', '1895', '11', '234', '1544', '1645', '470', '784', '985', '1249', '707', '229', '2341', '568', '183', '937', '415', '1557', '769', '1648', '1320', '1235', '795', '1384', '1787', '1289', '1483', '322', '1095', '1313', '1545', '492', '1653']",130,0.1465798045602606,0.6923076923076923
Z310,Spicy Pork Dishes,116,Topic 116: Chicken & its Specific Related Dishes ,23,"['664', '784', '461', '380', '696', '2406', '374', '618', '323', '1284', '1855', '1807', '2150', '2445', '813', '210', '2043', '866', '2162', '982', '1702', '1054', '2256']",41,0.03745928338762215,0.5609756097560976
Z181,Swimming,10,Topic 10: Swimming with Whale Sharks ,65,"['968', '732', '2666', '2634', '932', '1686', '2618', '2449', '1591', '1968', '2426', '232', '1094', '2140', '1552', '2398', '1977', '1176', '1026', '49', '0', '2593', '2399', '326', '793', '2473', '314', '1893', '2637', '2282', '2382', '2574', '1252', '1747', '1930', '930', '2054', '320', '1828', '400', '1225', '205', '1493', '386', '1343', '2057', '606', '496', '40', '652', '360', '1193', '2053', '1663', '391', '54', '2356', '2367', '1680', '1212', '1702', '1388', '1206', '1635', '100']",110,0.23297491039426524,0.5909090909090909
Z1163,Gaming,120,Topic 120: Winning Games and Excitement ,55,"['1172', '885', '1621', '1969', '2447', '2125', '1726', '2542', '2662', '578', '1228', '1759', '2318', '587', '870', '1515', '2394', '1035', '1053', '749', '208', '1693', '314', '2382', '2046', '1283', '2090', '2278', '983', '954', '1362', '688', '1999', '771', '1347', '734', '1389', '259', '797', '2446', '1652', '871', '2289', '2414', '2138', '2333', '2558', '608', '2422', '74', '1625', '376', '2141', '277', '1423']",82,0.08580343213728549,0.6707317073170732
Z1114,Luke's Daily Blog,43,Topic 43: Trip to a Beach Destination,36,"['2324', '2506', '1720', '1591', '414', '1624', '1819', '2589', '723', '1431', '1605', '0', '2091', '2460', '1822', '1562', '2450', '552', '1548', '978', '1398', '975', '1560', '2355', '2552', '1338', '1516', '101', '2401', '1616', '1377', '1340', '1296', '1460', '219', '1635']",69,0.07912087912087912,0.5217391304347826
Z1114,Luke's Daily Blog,95,Topic 95: Filipino Moms doing a Vlog,31,"['2524', '1204', '420', '943', '2457', '2097', '1408', '1040', '2286', '251', '1114', '115', '485', '1964', '1058', '2002', '2070', '1084', '108', '1516', '2350', '1211', '1823', '1296', '1572', '1917', '741', '93', '2502', '942', '1769']",58,0.06813186813186813,0.5344827586206896
Z33,Cheese and Ice Cream Desserts,19,Topic 19: Philippine Halo-Halo Dessert,162,"['1349', '2169', '1739', '250', '2616', '1191', '142', '2682', '1504', '2198', '1704', '754', '1408', '990', '939', '323', '1392', '817', '634', '1469', '713', '467', '622', '872', '708', '917', '1498', '309', '1009', '2312', '1625', '1218', '221', '1202', '627', '971', '186', '1715', '429', '2052', '1853', '2456', '1487', '1727', '2569', '294', '289', '341', '1123', '1128', '1247', '1531', '980', '2081', '359', '974', '2536', '1813', '615', '13', '2252', '46', '1065', '456', '609', '1231', '179', '1194', '2445', '1370', '890', '344', '2062', '946', '1852', '1342', '2066', '1020', '2248', '2121', '139', '1109', '644', '1236', '190', '224', '1962', '213', '268', '875', '1241', '586', '1586', '2277', '2306', '95', '726', '2487', '738', '438', '630', '1736', '2272', '2117', '866', '931', '694', '1420', '1201', '1702', '2201', '1997', '2633', '1849', '470', '758', '2209', '506', '155', '1046', '584', '707', '2326', '1097', '2206', '1551', '1818', '1694', '196', '1435', '970', '317', '2518', '744', '1062', '2254', '1506', '550', '1953', '1967', '728', '1843', '1638', '909', '1190', '2419', '1529', '1846', '650', '152', '1787', '2316', '572', '1155', '2380', '504', '1095', '620', '75', '2127', '1653', '1175']",228,0.27364864864864863,0.7105263157894737
Z33,Cheese and Ice Cream Desserts,116,Topic 116: Chicken & its Specific Related Dishes ,23,"['664', '784', '394', '696', '2406', '374', '2206', '618', '323', '1284', '1855', '731', '1807', '2445', '2150', '1122', '2043', '866', '263', '982', '1702', '1054', '277']",41,0.03885135135135135,0.5609756097560976
Z1155,English Education,1,Topic 1: Learning and Speaking Foreign Language,180,"['551', '664', '265', '2021', '1154', '986', '426', '123', '1073', '1143', '956', '1044', '2588', '704', '1704', '2477', '1431', '476', '102', '1118', '471', '2290', '861', '1574', '1189', '705', '2370', '368', '2575', '2382', '274', '742', '297', '1695', '293', '556', '899', '1173', '1547', '1948', '500', '346', '2315', '2639', '1827', '917', '40', '2522', '1502', '855', '1839', '2330', '2653', '519', '2128', '34', '428', '427', '2408', '2421', '1462', '2371', '332', '1271', '69', '201', '1473', '2133', '2340', '1365', '1821', '1594', '528', '267', '1847', '2511', '1582', '2439', '2498', '1538', '1941', '1514', '683', '1244', '2598', '1897', '1054', '2570', '36', '1433', '1745', '2381', '711', '1686', '578', '1228', '1486', '2140', '481', '1246', '1792', '1366', '1081', '1428', '1851', '530', '1562', '1467', '1942', '268', '1611', '1747', '1881', '1898', '1762', '2355', '319', '116', '2190', '2362', '2396', '1541', '273', '1378', '1628', '1986', '1934', '180', '2591', '2338', '1376', '392', '491', '1633', '215', '782', '2102', '520', '1443', '2326', '743', '717', '1272', '1989', '749', '852', '535', '678', '675', '1940', '845', '1330', '2428', '2386', '1387', '1533', '655', '2657', '1169', '645', '1355', '2262', '2070', '2553', '671', '2592', '2234', '2586', '2543', '2335', '2160', '555', '2391', '2265', '1979', '1931', '230', '895', '401', '1658']",258,0.27607361963190186,0.6976744186046512
Z1155,English Education,94,Topic 94: Friendly and Romantic Relationships ,17,"['2352', '2471', '985', '765', '230', '1889', '576', '1794', '1986', '79', '2519', '1957', '33', '2038', '915', '2031', '92']",33,0.02607361963190184,0.5151515151515151
Z32,Road Trips and Walks,10,Topic 10: Swimming with Whale Sharks ,56,"['1083', '1708', '519', '2634', '2572', '2666', '839', '932', '1686', '72', '1968', '1591', '232', '387', '2140', '1552', '1176', '2632', '906', '994', '1026', '1568', '0', '2593', '430', '2336', '793', '2473', '2282', '1721', '2637', '1252', '1930', '731', '2054', '1828', '400', '1225', '205', '1438', '285', '1493', '1343', '606', '917', '40', '652', '54', '2356', '2671', '1212', '1702', '1206', '1635', '100', '1267']",110,0.07766990291262135,0.509090909090909
Z32,Road Trips and Walks,21,Topic 21: Banaue Rice Terraces,32,"['1083', '307', '519', '2666', '869', '461', '2126', '932', '578', '1591', '289', '182', '2124', '2247', '1133', '2176', '1781', '611', '95', '1355', '1803', '2037', '177', '1763', '2498', '1616', '934', '917', '2356', '1162', '2014', '1468']",63,0.044382801664355064,0.5079365079365079
Z32,Road Trips and Walks,38,Topic 38: Basilicas and Cathedrals in the Philippines,22,"['1083', '985', '2126', '1179', '2433', '2682', '237', '2124', '1568', '1315', '1133', '1697', '95', '1476', '899', '936', '311', '1416', '1553', '1617', '549', '2023']",42,0.030513176144244106,0.5238095238095238
Z32,Road Trips and Walks,54,Topic 54: Manila Cathedral,35,"['794', '34', '1227', '1179', '2433', '1727', '578', '1591', '506', '1046', '2308', '2482', '1409', '2124', '308', '618', '1697', '2461', '2054', '560', '456', '95', '899', '1485', '383', '2517', '1945', '2333', '600', '2668', '860', '1121', '1420', '2193', '2688']",67,0.04854368932038835,0.5223880597014925
Z32,Road Trips and Walks,58,Topic 58: Drinks & Relaxation by the Pool,30,"['551', '794', '2666', '1394', '2429', '2033', '1738', '289', '2612', '1649', '399', '1236', '2593', '922', '2697', '335', '1359', '2352', '690', '1596', '2600', '936', '1159', '2510', '2333', '52', '682', '4', '1590', '1622']",51,0.04160887656033287,0.5882352941176471
Z32,Road Trips and Walks,73,Topic 73: Chinatown Manila,31,"['2567', '351', '869', '154', '1085', '444', '2308', '289', '874', '1887', '196', '590', '2076', '984', '2455', '2646', '445', '1235', '151', '383', '650', '2007', '606', '934', '1122', '51', '2235', '2544', '860', '2256', '2690']",59,0.04299583911234397,0.5254237288135594
Z32,Road Trips and Walks,75,Topic 75: Internet Connectivity in Tourist Destinations,26,"['888', '603', '2126', '704', '182', '1558', '1118', '1491', '1153', '1271', '1267', '117', '2159', '2448', '47', '255', '2082', '27', '422', '857', '437', '1976', '2193', '1635', '1930', '1734']",48,0.036061026352288486,0.5416666666666666
Z32,Road Trips and Walks,77,Topic 77: Rizal Park Monument & Manila Cemetery,18,"['658', '2666', '2634', '560', '2556', '1335', '1179', '2551', '2076', '2603', '2682', '2440', '2600', '1702', '2639', '520', '311', '1134']",32,0.024965325936199722,0.5625
Z32,Road Trips and Walks,92,Topic 92: Going to Shopping Malls and Street Markets in Manila,31,"['1376', '985', '836', '1475', '2682', '1726', '789', '2083', '980', '374', '1640', '20', '568', '2282', '1596', '1965', '291', '548', '107', '936', '2498', '1049', '2594', '901', '1836', '454', '1503', '2162', '238', '100', '1734']",56,0.04299583911234397,0.5535714285714286
Z32,Road Trips and Walks,115,Topic 115: Bicycle & Tricycle Rental,33,"['888', '306', '1630', '380', '382', '222', '906', '1260', '1921', '1081', '920', '1643', '2252', '583', '463', '97', '733', '2213', '1000', '422', '437', '2289', '2333', '2153', '2298', '2499', '1357', '2235', '714', '1780', '2288', '837', '1734']",59,0.04576976421636616,0.559322033898305
Z32,Road Trips and Walks,116,Topic 116: Chicken & its Specific Related Dishes ,24,"['664', '461', '380', '696', '374', '399', '2059', '2206', '2636', '618', '323', '1855', '731', '1807', '2445', '1122', '2043', '866', '263', '2162', '982', '1702', '1054', '2256']",41,0.033287101248266296,0.5853658536585366
Z313,Spices and Seasonings,34,Topic 34: Squid,80,"['1972', '1331', '2566', '736', '754', '1408', '323', '468', '2156', '1613', '2177', '2484', '455', '1569', '1125', '1045', '565', '1229', '41', '641', '1606', '809', '341', '2651', '903', '1928', '974', '592', '1293', '2134', '609', '1696', '1194', '623', '2071', '1308', '837', '918', '716', '1580', '1068', '2384', '1678', '2624', '2277', '1495', '1402', '195', '108', '423', '1340', '1895', '11', '234', '848', '1544', '1645', '470', '985', '1249', '707', '2206', '229', '2341', '568', '183', '1557', '415', '769', '1320', '1235', '795', '1384', '1787', '1289', '322', '1095', '1313', '492', '1653']",130,0.21621621621621623,0.6153846153846154
Z36,"Residential Features: Pool, Bedrooms, and Bathrooms",10,Topic 10: Swimming with Whale Sharks ,61,"['732', '1708', '1867', '2666', '2634', '932', '2618', '2449', '1591', '1968', '2426', '232', '387', '1094', '2140', '1552', '2398', '1977', '1176', '993', '994', '1026', '49', '0', '2593', '2399', '326', '793', '2473', '1893', '2282', '2637', '1252', '1388', '930', '2054', '320', '1828', '400', '1225', '205', '1493', '386', '606', '496', '40', '652', '360', '1193', '2053', '1663', '391', '54', '2367', '1680', '1212', '1702', '2570', '1206', '1635', '100']",110,0.22761194029850745,0.5545454545454546
Z218,Alcoholic and Non-Alcoholic Beverages,12,Topic 12: Drinking Culture & Practices,30,"['551', '2197', '2658', '2615', '1849', '676', '2500', '395', '776', '1824', '1356', '1684', '1403', '2091', '1850', '521', '2505', '924', '2420', '897', '31', '2122', '555', '1590', '1057', '172', '411', '1152', '1489', '1959']",42,0.072992700729927,0.7142857142857143
Z1202,Spain and Spanish Culture,14,Topic 14: Spanish Colonialism in the Philippines,49,"['265', '869', '123', '154', '1329', '72', '2408', '578', '1933', '232', '2308', '1135', '94', '1409', '1689', '1900', '1366', '2247', '862', '1462', '1940', '1467', '2185', '2274', '1691', '2147', '2211', '1767', '1695', '850', '1355', '1710', '116', '2498', '2069', '604', '1541', '917', '941', '1502', '81', '246', '1979', '2178', '1680', '200', '93', '2554', '1870']",55,0.13802816901408452,0.8909090909090909
Z236,Spices and Seasonings,34,Topic 34: Squid,82,"['1972', '1331', '2566', '736', '754', '1408', '323', '468', '2156', '1613', '2177', '2484', '455', '1569', '2527', '1125', '1045', '565', '1229', '41', '641', '1606', '809', '341', '2651', '903', '1928', '974', '592', '1293', '2134', '609', '1696', '1194', '623', '2071', '1308', '837', '918', '716', '1580', '1068', '2384', '1678', '2624', '1241', '2277', '1495', '1402', '195', '108', '423', '1340', '1895', '11', '234', '848', '1544', '1645', '470', '985', '1249', '707', '2206', '229', '2341', '568', '183', '1557', '415', '769', '1320', '1235', '795', '1787', '1289', '945', '322', '1095', '1313', '492', '1653']",130,0.21465968586387435,0.6307692307692307
Z139,Temperature,116,Topic 116: Chicken & its Specific Related Dishes ,21,"['664', '461', '380', '696', '374', '399', '618', '1284', '1855', '731', '1807', '1375', '2150', '210', '1122', '1233', '263', '982', '1702', '1054', '277']",41,0.03139013452914798,0.5121951219512195
Z25,Busy Road Trips and Urban Traffic,10,Topic 10: Swimming with Whale Sharks ,58,"['732', '1708', '519', '2634', '2572', '839', '932', '1686', '72', '1968', '1591', '232', '2140', '1552', '1977', '1176', '2632', '906', '994', '1026', '430', '0', '2593', '326', '1700', '793', '2473', '314', '2282', '1721', '2637', '2010', '1252', '1930', '731', '2054', '1828', '400', '1225', '205', '1438', '285', '1493', '1343', '606', '917', '40', '1193', '360', '391', '54', '2671', '1212', '1702', '1206', '1635', '100', '1267']",110,0.0729559748427673,0.5272727272727272
Z25,Busy Road Trips and Urban Traffic,38,Topic 38: Basilicas and Cathedrals in the Philippines,22,"['985', '2126', '1179', '2433', '2682', '2077', '1798', '237', '2124', '1315', '1133', '1092', '95', '1476', '899', '936', '311', '1416', '1553', '1617', '549', '2023']",42,0.027672955974842768,0.5238095238095238
Z25,Busy Road Trips and Urban Traffic,54,Topic 54: Manila Cathedral,36,"['794', '1154', '34', '1227', '1179', '2433', '1727', '578', '1591', '506', '703', '2482', '1409', '2124', '308', '1589', '618', '1092', '2461', '2054', '560', '456', '95', '899', '1485', '383', '1945', '2333', '600', '2668', '860', '1121', '1420', '2193', '2311', '2688']",67,0.045283018867924525,0.5373134328358209
Z25,Busy Road Trips and Urban Traffic,58,Topic 58: Drinks & Relaxation by the Pool,30,"['551', '794', '1394', '2429', '2033', '1738', '289', '2612', '1649', '399', '1236', '2593', '922', '2697', '335', '1359', '2352', '690', '1596', '1407', '2600', '936', '1159', '2510', '2333', '52', '682', '4', '1590', '1622']",51,0.03773584905660377,0.5882352941176471
Z25,Busy Road Trips and Urban Traffic,73,Topic 73: Chinatown Manila,32,"['2567', '351', '154', '1085', '444', '289', '874', '509', '1887', '196', '1589', '590', '2076', '984', '2455', '2646', '445', '1235', '151', '383', '650', '2007', '606', '934', '1122', '51', '2235', '2544', '860', '411', '2256', '2690']",59,0.04025157232704402,0.5423728813559322
Z25,Busy Road Trips and Urban Traffic,75,Topic 75: Internet Connectivity in Tourist Destinations,27,"['888', '603', '2126', '704', '1558', '182', '1118', '1574', '1951', '1688', '314', '1491', '1153', '1271', '117', '2159', '47', '255', '2082', '27', '422', '857', '437', '2193', '1635', '1930', '1267']",48,0.033962264150943396,0.5625
Z25,Busy Road Trips and Urban Traffic,77,Topic 77: Rizal Park Monument & Manila Cemetery,17,"['579', '658', '2634', '560', '2556', '1335', '1179', '2551', '360', '2076', '2603', '2682', '2440', '2600', '1702', '520', '311']",32,0.021383647798742137,0.53125
Z25,Busy Road Trips and Urban Traffic,83,Topic 83: Building Materials and Tools for Construction,24,"['270', '794', '2560', '545', '1558', '1921', '2686', '2118', '2195', '2523', '999', '1010', '564', '2681', '1772', '1945', '1907', '340', '1181', '1202', '1054', '1809', '238', '966']",47,0.03018867924528302,0.5106382978723404
Z25,Busy Road Trips and Urban Traffic,92,Topic 92: Going to Shopping Malls and Street Markets in Manila,32,"['1376', '985', '836', '1475', '505', '2682', '1726', '789', '2083', '374', '1640', '20', '568', '2432', '2282', '2444', '1596', '1965', '291', '548', '107', '936', '2498', '1049', '2594', '901', '1836', '454', '1503', '2162', '238', '100']",56,0.04025157232704402,0.5714285714285714
Z25,Busy Road Trips and Urban Traffic,115,Topic 115: Bicycle & Tricycle Rental,33,"['888', '306', '1630', '380', '382', '222', '906', '1260', '1921', '1081', '920', '1226', '1643', '2252', '583', '463', '97', '733', '2213', '1000', '422', '437', '2289', '2333', '2153', '2298', '1623', '2499', '1357', '2235', '714', '1780', '966']",59,0.04150943396226415,0.559322033898305
Z25,Busy Road Trips and Urban Traffic,116,Topic 116: Chicken & its Specific Related Dishes ,24,"['664', '461', '380', '696', '374', '399', '2059', '2206', '2636', '618', '323', '1855', '731', '1807', '2445', '1122', '2043', '866', '263', '2162', '982', '1702', '1054', '2256']",41,0.03018867924528302,0.5853658536585366
Z165,Boat Tour,10,Topic 10: Swimming with Whale Sharks ,74,"['1083', '968', '732', '225', '1708', '519', '2572', '2666', '839', '932', '1686', '1968', '1591', '2426', '2140', '1552', '2398', '1977', '1176', '906', '994', '1026', '1568', '0', '2593', '2399', '2684', '49', '430', '326', '2336', '793', '2473', '1893', '2282', '1721', '2637', '2574', '1252', '731', '930', '2054', '65', '1828', '1225', '1438', '205', '1705', '285', '1493', '2223', '1343', '2057', '606', '1047', '496', '652', '1193', '360', '2402', '391', '54', '2356', '2367', '1385', '1680', '2671', '1702', '1212', '1206', '7', '1635', '100', '1267']",110,0.12780656303972365,0.6727272727272727
Z165,Boat Tour,54,Topic 54: Manila Cathedral,34,"['794', '1227', '1179', '578', '1591', '1046', '703', '2308', '2482', '1409', '2124', '1497', '1589', '618', '1697', '1092', '2461', '2054', '95', '2539', '1485', '383', '2696', '1528', '600', '2668', '753', '860', '1420', '1997', '669', '2407', '1441', '1121']",67,0.05872193436960276,0.5074626865671642
Z1135,Eggs and Breakfast,13,Topic 13: Balut and other Eggs,72,"['2035', '1376', '888', '1739', '657', '243', '1554', '1932', '1111', '641', '1085', '1295', '2569', '2408', '139', '1606', '537', '2635', '1755', '397', '1361', '1971', '204', '1480', '2048', '1711', '447', '237', '970', '1408', '1955', '2230', '1567', '984', '2669', '1648', '829', '2291', '718', '1241', '521', '2109', '211', '1613', '95', '10', '1612', '1084', '1493', '797', '637', '1194', '2383', '900', '813', '1481', '1910', '595', '778', '1895', '1391', '344', '1063', '2062', '1202', '868', '2207', '440', '547', '1113', '627', '2407']",94,0.11940298507462686,0.7659574468085106
Z1203,Historical battles,4,"Topic 4: Military Assets, Combat, Strategies",27,"['1050', '130', '1970', '578', '1933', '826', '2378', '2165', '1595', '2185', '1251', '2093', '2279', '841', '1187', '2130', '2214', '1710', '1', '1373', '2225', '245', '604', '2115', '482', '1379', '1197']",47,0.0764872521246459,0.574468085106383
Z1203,Historical battles,14,Topic 14: Spanish Colonialism in the Philippines,41,"['265', '869', '123', '154', '1329', '477', '2408', '578', '1933', '232', '2308', '1135', '94', '1409', '1689', '1900', '2247', '862', '1940', '1467', '2185', '1691', '2211', '1767', '1695', '1355', '1710', '116', '2069', '2383', '604', '1541', '917', '884', '941', '81', '2178', '1680', '93', '2554', '1870']",55,0.11614730878186968,0.7454545454545455
Z317,Philippine History: Spanish Occupation and War,14,Topic 14: Spanish Colonialism in the Philippines,47,"['265', '869', '123', '154', '1329', '2408', '578', '1933', '232', '2308', '1135', '94', '1409', '1689', '1900', '1366', '2247', '862', '1462', '1940', '1467', '2185', '2274', '1691', '2147', '2211', '1767', '1695', '1355', '1710', '116', '2498', '2069', '1541', '917', '884', '941', '1502', '81', '246', '1979', '2178', '1680', '200', '93', '2554', '1870']",55,0.13583815028901733,0.8545454545454545
Z317,Philippine History: Spanish Occupation and War,46,Topic 46: National Flag,16,"['373', '603', '1695', '1589', '1502', '1462', '2257', '1979', '1341', '1133', '500', '2096', '2498', '200', '94', '2398']",30,0.046242774566473986,0.5333333333333333
Z1100,Coffee,26,Topic 26: Local Coffee and Coffee Shops,67,"['1677', '755', '1686', '72', '1331', '2569', '2482', '1868', '1109', '2635', '2016', '1755', '1069', '789', '331', '1097', '1316', '893', '2230', '2161', '2667', '2646', '1093', '2702', '1721', '1942', '751', '1506', '1235', '1134', '389', '1513', '1855', '1829', '1041', '287', '690', '299', '2478', '1335', '2488', '556', '1544', '851', '548', '45', '2552', '2517', '431', '107', '176', '2226', '2510', '934', '145', '2138', '1512', '1049', '2531', '263', '838', '931', '1774', '2328', '39', '848', '1201']",87,0.14855875831485588,0.7701149425287356
Z197,Music and Singing,47,Topic 47: Singing and Dancing Stars,52,"['1425', '98', '2152', '1115', '1621', '491', '2136', '206', '961', '1356', '1946', '203', '1417', '490', '1035', '169', '356', '479', '1285', '1958', '315', '2643', '1242', '889', '132', '2476', '1749', '2644', '1446', '2504', '1151', '1886', '575', '1243', '1164', '1473', '2218', '2468', '2369', '645', '2025', '248', '1637', '538', '2073', '1029', '988', '2042', '1918', '1281', '1288', '92']",99,0.17627118644067796,0.5252525252525253
Z231,"Filipino Breakfasts: Pancit, Balut, and More",13,Topic 13: Balut and other Eggs,70,"['2035', '1376', '888', '1739', '243', '1554', '1932', '1111', '641', '1085', '1295', '2569', '2408', '139', '1606', '537', '2635', '1755', '397', '1361', '1971', '204', '1480', '2048', '1711', '237', '970', '1408', '1955', '2230', '1567', '984', '2669', '1648', '829', '2291', '718', '1241', '521', '2109', '211', '1613', '95', '10', '1612', '1084', '1493', '797', '637', '1194', '2383', '900', '813', '1481', '1910', '595', '778', '1895', '1391', '344', '1063', '2062', '1202', '868', '2207', '440', '547', '1113', '627', '2407']",94,0.15053763440860216,0.7446808510638298
Z1158,Relationship with a Filipina,8,Topic 8: Philippines’ Dating & Relationship of Females,56,"['960', '1017', '1018', '699', '366', '1626', '2240', '532', '2310', '1957', '782', '119', '276', '915', '1692', '59', '2623', '2477', '1981', '480', '1040', '563', '1273', '675', '1105', '1716', '166', '2476', '338', '297', '1170', '1747', '88', '2004', '1671', '2670', '2111', '353', '1169', '361', '30', '174', '2138', '1903', '760', '1904', '1451', '1593', '1014', '1274', '1391', '295', '765', '1636', '2031', '2020']",98,0.0890302066772655,0.5714285714285714
Z1158,Relationship with a Filipina,44,Topic 44: Dating & Relationships Setup,24,"['869', '1720', '398', '1102', '2091', '1574', '2110', '233', '338', '2004', '297', '1321', '856', '1015', '1518', '2511', '1885', '1713', '325', '1209', '1375', '1616', '2528', '1312']",39,0.03815580286168521,0.6153846153846154
Z1158,Relationship with a Filipina,94,Topic 94: Friendly and Romantic Relationships ,18,"['2031', '2694', '1412', '2352', '1150', '4', '933', '1357', '765', '1631', '1103', '2110', '1889', '1794', '1957', '295', '915', '1603']",33,0.028616852146263912,0.5454545454545454
Z196,Music and Singing,36,Topic 36: Officer Meijii Yoshimi and the Onoda Incident,19,"['1844', '2345', '2654', '206', '1759', '18', '717', '280', '2267', '2100', '90', '575', '1224', '607', '1908', '2558', '1339', '1634', '290']",34,0.03525046382189239,0.5588235294117647
Z196,Music and Singing,47,Topic 47: Singing and Dancing Stars,72,"['1425', '1268', '98', '2152', '1115', '426', '1621', '491', '2136', '206', '498', '961', '1356', '1946', '25', '18', '203', '1417', '490', '1035', '169', '481', '356', '2266', '479', '1285', '1958', '315', '2452', '1872', '2643', '1242', '1003', '889', '1208', '132', '2476', '1749', '940', '1134', '2644', '1446', '2305', '2504', '1151', '575', '1886', '1164', '1473', '1243', '2218', '2040', '2468', '2369', '645', '2025', '248', '1637', '538', '2073', '1029', '1263', '988', '2042', '607', '1918', '92', '1281', '1288', '808', '2217', '2525']",99,0.13358070500927643,0.7272727272727273
Z196,Music and Singing,74,Topic 74: Philippine Beauty Pageant & Miss Universe,27,"['457', '1425', '1016', '1109', '1946', '18', '203', '1200', '237', '479', '2452', '1535', '1208', '1998', '85', '1671', '1744', '367', '575', '298', '2073', '1835', '2453', '1979', '747', '424', '2661']",51,0.05009276437847866,0.5294117647058824
Z229,Spicy Food/Sauce,34,Topic 34: Squid,67,"['1045', '716', '985', '1229', '1580', '2547', '352', '41', '641', '1972', '1331', '1653', '1068', '809', '341', '707', '2566', '371', '1676', '736', '2206', '754', '229', '1928', '568', '974', '1408', '183', '1557', '323', '415', '769', '468', '1944', '2156', '1320', '1241', '1613', '2277', '2177', '795', '2134', '256', '1384', '609', '1402', '1544', '1814', '1696', '108', '2487', '1194', '2484', '455', '2573', '322', '1095', '623', '2071', '1895', '1545', '492', '11', '1569', '234', '1125', '837']",130,0.1700507614213198,0.5153846153846153
Z185,Alcohol Beverage,12,Topic 12: Drinking Culture & Practices,26,"['2197', '2658', '2615', '1849', '2500', '395', '776', '1824', '1356', '1684', '2091', '1850', '521', '2505', '924', '2420', '897', '31', '2122', '555', '1590', '1057', '172', '411', '1489', '1959']",42,0.08253968253968254,0.6190476190476191
Z224,Dollar Peso Comparison,116,Topic 116: Chicken & its Specific Related Dishes ,22,"['664', '784', '657', '461', '696', '374', '2059', '2636', '2206', '618', '323', '1284', '731', '1937', '813', '2043', '866', '2162', '982', '1702', '1054', '2256']",41,0.036065573770491806,0.5365853658536586
Z122,Hard to Categorize / Seems Useless,14,Topic 14: Spanish Colonialism in the Philippines,29,"['265', '869', '154', '578', '232', '2308', '1135', '94', '1409', '1900', '862', '1462', '2185', '2147', '2211', '1355', '1710', '116', '2498', '2069', '917', '884', '941', '1502', '81', '1979', '1680', '200', '2554']",55,0.05811623246492986,0.5272727272727272
Z1127,Fried Food,19,Topic 19: Philippine Halo-Halo Dessert,127,"['1349', '2682', '1504', '2198', '2566', '397', '1408', '990', '939', '323', '1478', '2015', '817', '634', '1469', '1532', '400', '467', '622', '872', '309', '1009', '2055', '2312', '1625', '1218', '2353', '221', '1202', '627', '971', '2092', '186', '1715', '429', '2052', '835', '2456', '1727', '341', '1123', '1128', '1247', '1531', '980', '2081', '359', '1928', '1765', '974', '2536', '1955', '615', '46', '1065', '456', '609', '1231', '179', '1194', '441', '2407', '1812', '1342', '1020', '461', '617', '2121', '139', '644', '1236', '190', '493', '1030', '213', '268', '1241', '586', '1586', '2277', '95', '726', '2487', '1736', '630', '866', '416', '694', '1420', '1201', '1702', '2201', '1997', '2633', '1849', '470', '506', '155', '2326', '1097', '1551', '1818', '1694', '1435', '970', '317', '2518', '744', '1506', '550', '381', '1967', '1638', '909', '1190', '2419', '1529', '650', '152', '1787', '2316', '2380', '504', '1095', '1313', '620', '1175']",228,0.2414448669201521,0.5570175438596491
Z1127,Fried Food,34,Topic 34: Squid,73,"['470', '918', '1045', '784', '565', '716', '1580', '1249', '352', '41', '641', '2662', '1331', '1606', '1068', '2384', '341', '1531', '2494', '2566', '2651', '736', '229', '359', '1928', '2341', '974', '568', '1408', '183', '2036', '323', '1678', '552', '937', '415', '1557', '1241', '1235', '999', '1613', '2444', '1293', '2277', '795', '2134', '1578', '1495', '1384', '609', '1814', '1787', '348', '108', '2487', '1289', '1194', '2484', '455', '1095', '623', '2071', '1340', '1313', '492', '416', '1308', '1569', '2527', '234', '1125', '837', '1645']",130,0.13878326996197718,0.5615384615384615
Z35,Fruits & Dietary Items,19,Topic 19: Philippine Halo-Halo Dessert,124,"['1349', '2169', '2616', '142', '2682', '2685', '1504', '2566', '2105', '372', '1408', '990', '323', '1478', '1392', '817', '1469', '713', '467', '622', '872', '917', '309', '1009', '2055', '2312', '1218', '1988', '1202', '627', '2092', '186', '2645', '1487', '2569', '294', '289', '341', '1123', '1247', '1531', '2081', '359', '974', '2536', '2252', '13', '1065', '2613', '456', '609', '1231', '179', '1194', '2445', '900', '1370', '441', '344', '347', '2062', '946', '2407', '968', '461', '1802', '2248', '1109', '1413', '1236', '190', '224', '268', '1241', '586', '95', '2487', '738', '438', '630', '1736', '2272', '866', '931', '694', '1420', '1201', '1702', '2201', '2633', '1849', '470', '2615', '758', '2209', '506', '155', '1046', '584', '707', '1097', '1818', '1694', '196', '1435', '970', '744', '1062', '1506', '550', '1953', '1967', '1843', '909', '2419', '650', '2316', '1155', '2380', '322', '504', '1095', '620', '1175']",228,0.2283609576427256,0.543859649122807
Z35,Fruits & Dietary Items,81,Topic 81: Coconut Varieties and Production,31,"['1419', '461', '956', '1176', '633', '38', '272', '1462', '984', '1721', '369', '1953', '511', '1355', '500', '2517', '108', '2024', '637', '2498', '2559', '917', '1979', '1218', '860', '1768', '1202', '1502', '1849', '1196', '2661']",61,0.0570902394106814,0.5081967213114754
Z35,Fruits & Dietary Items,89,Topic 89: Mango Fruit,38,"['985', '699', '789', '501', '380', '822', '1380', '1091', '1676', '229', '1490', '475', '937', '1186', '369', '1106', '134', '2065', '62', '1964', '10', '1728', '2411', '453', '422', '176', '438', '437', '2272', '441', '2055', '2526', '992', '1207', '1768', '1054', '1158', '2661']",63,0.06998158379373849,0.6031746031746031
Z1191,Heartfelt Stories on Instagram,36,Topic 36: Officer Meijii Yoshimi and the Onoda Incident,18,"['717', '686', '9', '575', '2558', '1844', '2267', '2345', '2654', '1925', '724', '2509', '1759', '1339', '1105', '1993', '18', '290']",34,0.027149321266968326,0.5294117647058824
Z219,Holiday and Birthday Celebrations,2,Topic 2: Christmas Season & Celebration,113,"['529', '926', '2021', '1432', '2409', '1523', '2437', '1576', '2538', '847', '1102', '2228', '2390', '2249', '369', '1613', '223', '1305', '129', '2404', '959', '1612', '2148', '1797', '2080', '1375', '973', '1202', '1519', '357', '427', '2551', '531', '1276', '2556', '804', '1584', '2511', '1076', '1161', '258', '2439', '1793', '2402', '1559', '2379', '2703', '1054', '5', '2525', '1086', '270', '1268', '657', '1171', '61', '44', '399', '1490', '296', '1992', '35', '1586', '389', '2213', '1359', '2331', '47', '1485', '777', '2530', '1087', '1817', '1117', '2084', '2359', '1007', '478', '200', '985', '377', '292', '1037', '324', '2561', '1099', '2400', '1272', '658', '873', '568', '2344', '879', '218', '2669', '1051', '1875', '134', '1352', '1033', '850', '149', '2262', '646', '1155', '2229', '620', '1545', '1650', '2502', '1012', '23', '277']",205,0.3896551724137931,0.551219512195122
Z222,Music and Singing,36,Topic 36: Officer Meijii Yoshimi and the Onoda Incident,18,"['717', '607', '1908', '575', '280', '1224', '1844', '2267', '2345', '2558', '2654', '206', '1925', '90', '1759', '1339', '1634', '290']",34,0.04245283018867924,0.5294117647058824
Z222,Music and Singing,47,Topic 47: Singing and Dancing Stars,70,"['1425', '1268', '98', '2152', '1115', '426', '1621', '491', '2136', '206', '498', '961', '1356', '1946', '25', '203', '1417', '490', '1035', '169', '481', '356', '2266', '479', '1285', '1958', '315', '2452', '1872', '2643', '1242', '1003', '889', '1208', '132', '2476', '1749', '940', '2305', '2644', '1446', '2504', '1151', '1886', '575', '1243', '1164', '1473', '2218', '2040', '2468', '2369', '645', '2025', '248', '1637', '538', '2073', '1029', '1263', '988', '2042', '607', '1918', '92', '1281', '1288', '808', '2217', '2525']",99,0.1650943396226415,0.7070707070707071
Z1128,Vinegar Sauce,13,Topic 13: Balut and other Eggs,48,"['2035', '888', '1739', '1554', '1111', '641', '1085', '1295', '537', '506', '2635', '1755', '397', '1676', '237', '970', '1408', '1955', '2230', '1567', '984', '2291', '718', '1241', '521', '1613', '1033', '95', '1612', '843', '1084', '1493', '1188', '637', '1194', '2529', '813', '1481', '1910', '608', '1895', '1391', '1063', '1202', '868', '440', '547', '2407']",94,0.10643015521064302,0.5106382978723404
Z1128,Vinegar Sauce,19,Topic 19: Philippine Halo-Halo Dessert,118,"['1349', '1739', '250', '142', '2682', '2685', '2198', '2566', '397', '2105', '1408', '990', '323', '1478', '468', '2015', '817', '634', '1532', '713', '622', '872', '708', '309', '1009', '2055', '1625', '1202', '971', '186', '1715', '429', '2052', '2645', '2456', '1727', '341', '1123', '1128', '980', '2081', '1928', '974', '2536', '1955', '1813', '2252', '13', '1065', '609', '1231', '179', '1194', '2445', '441', '1879', '946', '2407', '1342', '2066', '1020', '461', '2248', '617', '2121', '644', '612', '190', '213', '1241', '586', '2277', '95', '726', '2487', '738', '1736', '866', '396', '931', '694', '1702', '2633', '1849', '470', '1145', '758', '2209', '506', '707', '1097', '50', '1551', '1818', '1435', '970', '744', '1506', '550', '1967', '728', '1638', '909', '1190', '1529', '650', '152', '2316', '1483', '2380', '322', '504', '1095', '1313', '75', '1653', '1175', '401']",228,0.2616407982261641,0.5175438596491229
Z1128,Vinegar Sauce,34,Topic 34: Squid,75,"['470', '1045', '716', '985', '1229', '1580', '2547', '352', '41', '641', '1972', '1331', '1653', '1068', '380', '809', '341', '707', '2566', '371', '1676', '736', '229', '1928', '568', '974', '1408', '183', '937', '323', '1678', '415', '468', '1944', '2156', '1557', '769', '1241', '1320', '1283', '1613', '2277', '2177', '795', '2134', '256', '1384', '609', '1814', '348', '108', '2487', '1289', '1483', '1194', '2484', '2529', '2414', '455', '2573', '322', '1095', '623', '2071', '1313', '1895', '1545', '492', '1308', '1569', '11', '2527', '234', '1125', '837']",130,0.1662971175166297,0.5769230769230769
Z124,Road Trip,4,"Topic 4: Military Assets, Combat, Strategies",24,"['1465', '1344', '1630', '578', '1046', '382', '826', '2378', '1403', '2593', '2165', '1133', '1415', '2279', '2185', '1251', '1299', '2004', '389', '2202', '1187', '1710', '245', '2115']",47,0.02761795166858458,0.5106382978723404
Z124,Road Trip,10,Topic 10: Swimming with Whale Sharks ,74,"['1083', '1018', '732', '1708', '1867', '519', '2634', '2572', '2666', '839', '100', '932', '1686', '72', '2618', '1591', '1968', '232', '387', '2140', '1552', '2398', '1176', '2632', '906', '994', '1026', '1568', '0', '2593', '430', '2684', '2336', '793', '2473', '314', '2282', '2637', '1721', '2010', '2574', '1252', '1930', '731', '930', '2054', '320', '400', '1225', '205', '1438', '285', '1493', '1343', '606', '1047', '917', '40', '1193', '360', '2053', '1663', '391', '54', '2356', '1680', '2671', '1212', '1702', '1388', '1206', '1635', '2031', '1267']",110,0.08515535097813579,0.6727272727272727
Z124,Road Trip,45,Topic 45: Virtual Private Networks (VPNs) and Online Security,26,"['1668', '676', '489', '1475', '1631', '1279', '591', '552', '1093', '2090', '2443', '1114', '389', '1372', '465', '56', '2448', '2007', '936', '2359', '2264', '131', '2603', '342', '785', '2023']",44,0.02991944764096663,0.5909090909090909
Z124,Road Trip,59,Topic 59: Rainy Season,43,"['551', '516', '1172', '836', '2126', '284', '825', '704', '1558', '222', '723', '1346', '0', '1403', '2247', '2597', '317', '1400', '2282', '1766', '583', '2461', '733', '2213', '83', '1335', '2448', '695', '2301', '1438', '1177', '27', '2517', '902', '2084', '967', '2094', '945', '2192', '54', '838', '1082', '549']",83,0.04948216340621404,0.5180722891566265
Z124,Road Trip,62,Topic 62: Filipino Food,23,"['1943', '2005', '933', '1946', '906', '1102', '1236', '1256', '2282', '33', '751', '132', '952', '1713', '1763', '902', '1616', '1980', '727', '144', '2264', '741', '1312']",45,0.026467203682393557,0.5111111111111111
Z124,Road Trip,73,Topic 73: Chinatown Manila,31,"['2567', '351', '154', '1085', '444', '2308', '874', '1887', '1279', '196', '590', '2076', '984', '2646', '445', '1235', '151', '383', '650', '2007', '606', '934', '1122', '51', '2235', '2544', '860', '1774', '411', '2256', '2690']",59,0.03567318757192175,0.5254237288135594
Z124,Road Trip,75,Topic 75: Internet Connectivity in Tourist Destinations,29,"['888', '603', '2126', '704', '182', '1558', '1118', '1574', '1951', '2370', '1688', '314', '1491', '1153', '1271', '1267', '117', '2159', '2448', '47', '255', '2082', '27', '422', '857', '437', '1635', '1930', '1734']",48,0.0333716915995397,0.6041666666666666
Z124,Road Trip,92,Topic 92: Going to Shopping Malls and Street Markets in Manila,31,"['1376', '836', '1475', '505', '2682', '1726', '789', '822', '980', '2630', '374', '1640', '20', '568', '2282', '2444', '1596', '1213', '1965', '291', '936', '2498', '1049', '2594', '901', '454', '1503', '2162', '238', '100', '1734']",56,0.03567318757192175,0.5535714285714286
Z124,Road Trip,110,Topic 110: Experiencing Culture Shock,27,"['2560', '520', '704', '717', '1929', '2477', '1346', '1403', '80', '2249', '2163', '1214', '1133', '389', '733', '564', '700', '1485', '216', '2517', '1845', '902', '1503', '74', '2438', '1931', '23']",51,0.031070195627157654,0.5294117647058824
Z124,Road Trip,115,Topic 115: Bicycle & Tricycle Rental,30,"['888', '306', '1630', '380', '2204', '382', '222', '906', '1081', '920', '1643', '583', '97', '463', '733', '2213', '1000', '422', '2582', '437', '2289', '2333', '2153', '1357', '2235', '714', '1780', '2288', '837', '1734']",59,0.03452243958573072,0.5084745762711864
Z124,Road Trip,116,Topic 116: Chicken & its Specific Related Dishes ,24,"['664', '461', '380', '696', '374', '399', '2059', '2206', '2636', '618', '323', '1855', '731', '1807', '2445', '1122', '2043', '866', '263', '2162', '982', '1702', '1054', '2256']",41,0.02761795166858458,0.5853658536585366
Z167,Fruits & Vegetables,89,Topic 89: Mango Fruit,40,"['985', '699', '789', '501', '1915', '380', '822', '1380', '1091', '1676', '229', '1490', '475', '937', '1186', '2354', '369', '1106', '134', '2065', '62', '684', '1964', '1034', '10', '1728', '2411', '453', '422', '438', '437', '2272', '441', '2055', '2526', '992', '1207', '1054', '1158', '2661']",63,0.07532956685499058,0.6349206349206349
Z1142,Beaches,10,Topic 10: Swimming with Whale Sharks ,75,"['968', '1018', '1708', '519', '2634', '100', '932', '2618', '1968', '1591', '1094', '2140', '1552', '1977', '1176', '993', '906', '994', '1026', '1689', '1568', '0', '2593', '2399', '2684', '49', '430', '326', '1700', '2336', '793', '2473', '314', '2282', '1721', '2382', '2574', '1747', '930', '2054', '320', '1828', '65', '400', '1225', '205', '1705', '1438', '285', '1493', '386', '1343', '2057', '606', '496', '40', '917', '360', '652', '1193', '1663', '2053', '391', '54', '2356', '944', '1680', '1212', '1702', '1388', '1206', '7', '1635', '2031', '1267']",110,0.15120967741935484,0.6818181818181818
Z1176,Miss Universe and Natural Beauty,74,Topic 74: Philippine Beauty Pageant & Miss Universe,29,"['1425', '518', '1946', '18', '479', '2230', '2452', '1208', '1144', '1998', '1671', '1744', '575', '2045', '1854', '762', '2073', '2498', '1835', '1833', '1322', '554', '2598', '1979', '2519', '180', '747', '424', '367']",51,0.10469314079422383,0.5686274509803921
Z1175,Hard to Categorize / Seems Useless,4,"Topic 4: Military Assets, Combat, Strategies",25,"['1465', '1344', '1050', '578', '826', '2378', '2593', '1595', '2185', '1251', '2279', '1299', '389', '1187', '2214', '1710', '1', '1373', '245', '604', '2115', '2379', '2191', '482', '841']",47,0.06510416666666667,0.5319148936170213
Z312,Philippine Beach Tourism,10,Topic 10: Swimming with Whale Sharks ,72,"['968', '1018', '1708', '519', '2634', '2572', '100', '932', '2618', '1968', '1591', '1094', '2140', '1552', '1977', '1176', '993', '906', '994', '1026', '1689', '1568', '0', '2593', '2399', '2684', '430', '326', '2336', '2473', '1893', '2282', '1721', '2382', '2574', '1747', '731', '930', '2054', '320', '1828', '400', '1225', '205', '1438', '285', '1493', '386', '1343', '2057', '606', '496', '40', '917', '360', '652', '1193', '1663', '2053', '391', '54', '2356', '944', '1680', '1212', '1702', '1388', '1206', '7', '1635', '2031', '1267']",110,0.18227848101265823,0.6545454545454545
Z225,Photography and Safety,116,Topic 116: Chicken & its Specific Related Dishes ,21,"['664', '696', '374', '399', '2059', '2344', '618', '323', '731', '1937', '813', '1122', '2043', '866', '1233', '263', '2162', '982', '1702', '1054', '277']",41,0.03206106870229008,0.5121951219512195
Z1194,Asian and European Culture,14,Topic 14: Spanish Colonialism in the Philippines,32,"['265', '869', '232', '2308', '1135', '94', '1409', '1689', '1900', '1366', '1462', '1940', '1467', '2185', '2147', '1691', '2211', '1767', '1695', '1355', '116', '2498', '2069', '604', '1541', '917', '884', '1502', '81', '1979', '200', '2554']",55,0.06412825651302605,0.5818181818181818
Z1201,Magellan and American Influence in the PH,14,Topic 14: Spanish Colonialism in the Philippines,32,"['265', '869', '1329', '232', '2308', '1135', '1409', '1900', '1366', '862', '1462', '1940', '1467', '2185', '2147', '1691', '2211', '1695', '850', '1355', '1710', '116', '2498', '2069', '917', '1502', '81', '1979', '2178', '93', '2554', '1870']",55,0.24060150375939848,0.5818181818181818
Z111,Hard to Categorize / Seems Useless,21,Topic 21: Banaue Rice Terraces,40,"['307', '519', '1154', '869', '461', '2666', '1073', '932', '578', '1591', '289', '2493', '182', '1900', '1462', '1133', '2176', '354', '2154', '611', '840', '2503', '95', '1518', '1355', '500', '1803', '2037', '177', '1763', '2226', '2498', '934', '917', '103', '2356', '1979', '1162', '1502', '1468']",63,0.053475935828877004,0.6349206349206349
Z111,Hard to Categorize / Seems Useless,91,Topic 91: Metro Manila as the National Capital Region,29,"['519', '1154', '1078', '232', '1900', '1236', '2655', '308', '317', '1462', '128', '1966', '63', '649', '1807', '1529', '851', '1355', '1723', '2373', '2498', '2522', '2337', '2544', '1979', '1202', '1530', '1502', '2023']",53,0.03877005347593583,0.5471698113207547
Z1102,Philippines Peso,58,Topic 58: Drinks & Relaxation by the Pool,26,"['551', '1867', '1394', '2146', '2650', '1868', '289', '2612', '1649', '1090', '1236', '2593', '922', '335', '1359', '690', '1407', '2322', '298', '1159', '2333', '682', '4', '1590', '931', '1622']",51,0.042071197411003236,0.5098039215686274
Z1102,Philippines Peso,73,Topic 73: Chinatown Manila,33,"['2567', '154', '1085', '289', '2308', '397', '509', '2048', '1887', '590', '2076', '984', '2646', '445', '1235', '2196', '1613', '840', '151', '650', '2007', '606', '2383', '934', '1528', '51', '2235', '2544', '347', '860', '2367', '2256', '2690']",59,0.05339805825242718,0.559322033898305
Z1102,Philippines Peso,114,"Topic 114: Specific Venues: Circle Hall, Hobbit House, and Themed Spots ",26,"['1665', '2125', '578', '703', '1957', '1798', '1921', '237', '1834', '939', '117', '1335', '1476', '1173', '650', '311', '1159', '1616', '2056', '543', '342', '860', '1976', '1702', '2527', '1121']",51,0.042071197411003236,0.5098039215686274
Z1102,Philippines Peso,116,Topic 116: Chicken & its Specific Related Dishes ,21,"['664', '657', '461', '696', '374', '2059', '2636', '2206', '618', '323', '1284', '731', '1937', '1807', '2445', '813', '2162', '982', '1702', '1054', '2256']",41,0.03398058252427184,0.5121951219512195
Z29,Ube and Caramel Ice Cream,19,Topic 19: Philippine Halo-Halo Dessert,122,"['1349', '2169', '1739', '26', '2616', '1191', '142', '2682', '2685', '1504', '1704', '372', '1408', '939', '323', '1392', '634', '713', '467', '622', '872', '708', '917', '1498', '309', '1009', '2055', '2312', '1625', '1218', '1202', '627', '1715', '1853', '1466', '1487', '2569', '294', '289', '1123', '1247', '1531', '359', '974', '2536', '615', '13', '1065', '2613', '1231', '179', '1194', '2445', '1370', '441', '344', '946', '1020', '2248', '2121', '1109', '1653', '1413', '644', '190', '268', '875', '1241', '586', '1586', '2277', '2306', '95', '726', '2487', '738', '438', '630', '2117', '931', '1420', '1201', '1702', '1997', '2633', '1849', '470', '2209', '506', '155', '1046', '584', '707', '1097', '1551', '1818', '1694', '1435', '970', '744', '1062', '2254', '1506', '550', '1967', '1843', '909', '1190', '2419', '1529', '1846', '650', '152', '1787', '2316', '572', '1155', '1095', '620', '75', '2364', '1175']",228,0.48221343873517786,0.5350877192982456
Z184,Juices,12,Topic 12: Drinking Culture & Practices,33,"['551', '2197', '2658', '676', '2500', '395', '776', '1824', '1356', '2384', '1684', '1403', '2247', '2091', '1850', '521', '2505', '924', '2420', '928', '897', '31', '2122', '555', '1682', '1590', '263', '1057', '172', '411', '1152', '1489', '1959']",42,0.045020463847203276,0.7857142857142857
Z184,Juices,19,Topic 19: Philippine Halo-Halo Dessert,118,"['1349', '1739', '250', '142', '2682', '1504', '2198', '2566', '1408', '990', '323', '1478', '634', '1532', '713', '400', '622', '872', '708', '917', '1498', '1009', '2055', '921', '2312', '1625', '1202', '627', '971', '186', '2052', '429', '1466', '1727', '2569', '294', '289', '1123', '2081', '359', '974', '2536', '1955', '615', '13', '2252', '1065', '456', '609', '1231', '2508', '179', '1370', '441', '1879', '2062', '946', '1342', '2066', '461', '1802', '2248', '2121', '1109', '644', '1236', '190', '1030', '268', '1586', '2277', '95', '726', '2487', '738', '630', '2272', '396', '931', '694', '1420', '1201', '1702', '2201', '1997', '2633', '470', '1145', '758', '2209', '506', '1046', '584', '2326', '50', '1551', '1435', '970', '317', '744', '1506', '550', '381', '1967', '513', '1843', '909', '1190', '1529', '650', '152', '2316', '572', '2380', '1095', '620', '75', '1175']",228,0.16098226466575716,0.5175438596491229
Z184,Juices,26,Topic 26: Local Coffee and Coffee Shops,45,"['1677', '1686', '72', '1331', '2569', '1868', '1109', '431', '2635', '1755', '559', '789', '331', '1408', '2230', '2667', '2646', '1093', '2702', '1506', '751', '1235', '389', '1855', '690', '2478', '1335', '2488', '1847', '548', '2517', '2487', '1070', '176', '2510', '2138', '145', '1049', '2531', '263', '838', '931', '39', '1544', '1201']",87,0.061391541609822645,0.5172413793103449
Z184,Juices,116,Topic 116: Chicken & its Specific Related Dishes ,22,"['664', '461', '696', '2406', '374', '2636', '903', '2091', '2344', '618', '323', '1284', '1855', '1807', '2150', '813', '1122', '1233', '263', '2162', '1702', '277']",41,0.030013642564802184,0.5365853658536586
Z1126,Crispy and Soft Treats,19,Topic 19: Philippine Halo-Halo Dessert,124,"['1349', '1739', '2616', '2682', '2685', '2198', '2566', '1408', '990', '323', '1478', '468', '1392', '2015', '1469', '713', '467', '622', '708', '2055', '2312', '1625', '1988', '2353', '1202', '627', '2092', '971', '186', '1715', '2456', '1727', '2569', '294', '341', '1123', '1247', '1531', '980', '2081', '359', '1928', '974', '1955', '615', '13', '2252', '1065', '456', '609', '1231', '179', '1194', '2445', '900', '1370', '946', '1812', '1020', '461', '2248', '617', '2121', '139', '1109', '644', '1236', '190', '224', '1962', '1030', '213', '1241', '586', '1586', '2277', '95', '726', '2487', '738', '1736', '630', '2272', '866', '396', '931', '694', '1702', '1201', '2633', '1849', '470', '2615', '758', '506', '707', '1097', '2206', '1551', '1818', '1435', '970', '317', '744', '1506', '381', '1967', '1843', '1638', '909', '1190', '2419', '152', '2316', '572', '2380', '322', '1095', '1313', '620', '75', '2127', '2364', '1175']",228,0.24652087475149106,0.543859649122807
Z240,English and Tagalog Education,1,Topic 1: Learning and Speaking Foreign Language,152,"['551', '664', '265', '2021', '1154', '986', '426', '123', '1073', '956', '1044', '2588', '704', '1704', '2477', '1431', '476', '1118', '471', '2290', '1189', '368', '2575', '2382', '274', '742', '297', '405', '1695', '293', '899', '1173', '1547', '1948', '500', '2315', '2363', '1011', '917', '40', '2522', '2585', '1502', '855', '1839', '358', '2653', '519', '2128', '428', '427', '2408', '1462', '2147', '332', '1271', '201', '1473', '1365', '1821', '1594', '1847', '267', '2340', '2511', '1582', '2439', '2498', '1538', '2692', '1514', '683', '2243', '1244', '2598', '1897', '1054', '36', '1433', '2381', '711', '1686', '578', '1228', '1486', '2285', '1246', '1366', '1081', '1428', '530', '1562', '1467', '1747', '1881', '1898', '2013', '514', '1762', '2355', '319', '116', '2446', '2190', '2396', '1541', '1378', '1628', '1934', '180', '2591', '1376', '392', '1633', '587', '215', '782', '2102', '520', '1443', '743', '717', '1272', '1989', '749', '2597', '678', '675', '1920', '1940', '845', '1330', '2428', '2386', '1387', '1533', '655', '2657', '1355', '2553', '2592', '2586', '2543', '2335', '555', '2391', '2265', '1979', '1931', '895', '401', '1658']",258,0.4919093851132686,0.5891472868217055
