Category,Subtopics,Topic #,Label,Topic,Video_Ids
Food,0_delicious_eating_restaurant_dish,0,Delicious Dishes and Dining,0,"['0', '2', '3', '4', '5', '7', '8', '9', '10', '11', '12', '13', '14', '15', '16', '17', '18', '19', '20', '22', '23', '24', '25', '26', '27', '28', '29', '30', '31', '32', '33', '34', '35', '36', '37', '38', '39', '40', '41', '42', '43', '44', '45', '46', '47', '48', '49', '50', '51', '52', '53', '54', '55', '56', '57', '58', '59', '60', '61', '62', '63', '64', '65', '66', '67', '68', '69', '70', '71', '72', '73', '74', '75', '76', '77', '78', '79', '80', '81', '82', '83', '84', '85', '86', '87', '88', '89', '90', '91', '92', '94', '95', '96', '97', '98', '99', '100', '102', '103', '104', '105', '106', '107', '108', '109', '110', '111', '112', '113', '114', '115', '116', '117', '118', '119', '120', '121', '122', '123', '124', '126', '127', '128', '130', '131', '132', '133', '135', '136', '137', '138', '139', '140', '141', '142', '144', '145', '146', '147', '148', '150', '151', '152', '153', '154', '155', '156', '157', '158', '159', '160', '161', '162', '163', '164', '165', '166', '167', '168', '169', '170', '171', '172', '173', '174', '175', '176', '177', '178', '179', '180', '181', '182', '183', '184', '185', '186', '187', '189', '190', '191', '192', '193', '194', '195', '196', '197', '198', '199', '200', '201', '202', '203', '204', '205', '206', '207', '208', '210', '211', '212', '213', '214', '215', '216', '217', '218', '219', '220', '221', '222', '223', '224', '225', '226', '228', '229', '230', '231', '232', '233', '234', '235', '236', '237', '238', '239', '240', '241', '242', '243', '244', '246', '247', '248', '249', '250', '251', '252', '253', '254', '255', '256', '257', '258', '259', '260', '261', '262', '263', '264', '265', '266', '267', '268', '269', '270', '271', '272', '273', '274', '275', '276', '277', '278', '279', '280', '281', '282', '283', '284', '285', '286', '288', '289', '290', '291', '292', '293', '294', '295', '296', '297', '298', '299', '300', '301', '302', '303', '304', '305', '306', '307', '308', '309', '310', '311', '312', '313', '314', '315', '316', '317', '318', '319', '320', '321', '322', '323', '324', '325', '326', '327', '328', '329', '330', '331', '332', '333', '334', '335', '336', '337', '338', '339', '340', '341', '342', '343', '344', '345', '346', '347', '348', '349', '350', '351', '352', '353', '354', '355', '356', '357', '358', '359', '360', '361', '362', '363', '364', '365', '366', '367', '368', '369', '370', '371', '372', '373', '374', '375', '376', '377', '378', '379', '380', '381', '382', '383', '384', '385', '386', '387', '388', '389', '390', '391', '392', '393', '394', '395', '396', '397', '398', '399', '400', '401', '403', '404', '405', '406', '407', '408', '409', '410', '411', '412', '413', '414', '415', '416', '417', '418', '419', '421', '422', '423', '424', '425', '426', '427', '428', '429', '430', '431', '432', '433', '434', '435', '436', '437', '438', '439', '440', '441', '442', '443', '444', '445', '446', '447', '448', '449', '450', '451', '452', '453', '454', '455', '456', '457', '458', '459', '460', '461', '462', '463', '464', '465', '466', '467', '468', '469', '470', '471', '472', '473', '474', '475', '476', '477', '478', '479', '480', '481', '482', '483', '484', '485', '486', '487', '488', '489', '490', '491', '492', '493', '494', '496', '497', '498', '499', '500', '501', '502', '503', '504', '505', '506', '507', '508', '509', '510', '511', '512', '513', '514', '515', '516', '517', '518', '519', '520', '521', '522', '523', '524', '525', '526', '527', '528', '530', '531', '532', '533', '534', '535', '536', '537', '538', '539', '540', '541', '542', '543', '544', '545', '546', '547', '548', '549', '550', '551', '552', '553', '554', '555', '556', '557', '558', '559', '560', '561', '562', '563', '564', '565', '566', '567', '568', '569', '570', '571', '573', '574', '575', '576', '577', '578', '579', '580', '581', '582', '583', '584', '585', '586', '587', '588', '589', '590', '591', '592', '593', '594', '595', '596', '597', '598', '599', '600', '601', '602', '603', '604', '605', '606', '607', '608', '609', '610', '611', '612', '613', '614', '615', '616', '617', '618', '619', '620', '621', '622', '623', '625', '626', '627', '628', '629', '630', '631', '632', '633', '634', '635', '636', '637', '638', '639', '640', '641', '642', '643', '644', '645', '647', '648', '650', '651', '652', '655', '656', '658', '659', '660', '661', '662', '663', '664', '665', '666', '667', '668', '669', '670', '671', '672', '673', '674', '675', '676', '677', '678', '679', '680', '681', '682', '683', '684', '685', '686', '687', '688', '690', '691', '692', '693', '694', '695', '696', '697', '698', '699', '700', '702', '703', '704', '705', '706', '707', '708', '709', '710', '711', '712', '713', '714', '715', '716', '717', '718', '719', '720', '721', '722', '723', '724', '725', '726', '727', '728', '729', '730', '731', '732', '733', '734', '735', '736', '737', '738', '739', '740', '741', '742', '743', '744', '745', '746', '747', '749', '750', '751', '752', '753', '754', '755', '757', '758', '759', '760', '761', '762', '763', '764', '765', '766', '767', '769', '770', '771', '772', '773', '774', '775', '776', '777', '778', '779', '780', '781', '783', '784', '786', '787', '788', '789', '790', '791', '792', '793', '794', '795', '796', '797', '798', '799', '800', '801', '802', '803', '804', '805', '806', '807', '808', '809', '810', '811', '812', '813', '814', '815', '816', '817', '818', '819', '820', '821', '822', '823', '824', '825', '826', '827', '828', '829', '830', '831', '832', '834', '835', '836', '6', '837', '838', '839', '840', '842', '843', '844', '846', '847', '848', '849', '850', '851', '852', '853', '854', '855', '856', '857', '858', '859', '860', '861', '862', '863', '864', '865', '866', '867', '868', '869', '870', '871', '872', '873', '874', '876', '877', '878', '879', '880', '882', '883', '884', '885', '886', '887', '888', '889', '890', '891', '892', '893', '894', '895', '896', '897', '898', '899', '900', '901', '902', '903', '904', '905', '906', '907', '908', '909', '910', '911', '912', '913', '914', '915', '916', '917', '918', '919', '920', '921', '922', '923', '924', '925', '926', '927', '928', '929', '930', '931', '932', '933', '934', '935', '936', '937', '938', '939', '940', '941', '942', '943', '944', '945', '946', '947', '948', '949', '950', '951', '952', '953', '954', '955', '956', '957', '958', '961', '962', '963', '964', '965', '966', '967', '968', '969', '970', '971', '972', '974', '975', '976', '977', '978', '979', '980', '981', '982', '983', '984', '985', '986', '987', '988', '989', '990', '991', '992', '993', '994', '995', '996', '997', '998', '999', '1000', '1001', '1002', '1003', '1004', '1005', '1006', '1007', '1008', '1009', '1010', '1011', '1012', '1013', '1014', '1015', '1016', '1017', '1018', '1019', '1020', '1021', '1022', '1023', '1024', '1025', '1026', '1027', '1028', '1029', '1030', '1031', '1033', '1034', '1035', '1036', '1037', '1038', '1039', '1040', '1041', '1042', '1043', '1044', '1045', '1046', '1047', '1048', '1049', '1051', '1052', '1053', '1054', '1055', '1056', '1057', '1058', '1059', '1060', '1061', '1062', '1063', '1064', '1065', '1066', '1067', '1068', '1069', '1070', '1071', '1072', '1073', '1074', '1075', '1076', '1077', '1078', '1079', '1080', '1081', '1082', '1083', '1084', '1085', '1086', '1087', '1088', '1090', '1091', '1092', '1093', '1094', '1095', '1096', '1097', '1099', '1100', '1101', '1102', '1103', '1104', '1105', '1106', '1107', '1108', '1109', '1110', '1111', '1112', '1114', '1115', '1116', '1117', '1118', '1120', '1121', '1122', '1123', '1124', '1125', '1126', '1127', '1128', '1129', '1130', '1131', '1132', '1133', '1134', '1135', '1136', '1137', '1138', '1139', '1140', '1141', '1142', '1143', '1144', '1145', '1146', '1147', '1148', '1150', '1151', '1152', '1153', '1154', '1155', '1156', '1157', '1158', '1159', '1160', '1161', '1162', '1163', '1164', '1165', '1166', '1167', '1168', '1169', '1170', '1171', '1172', '1173', '1174', '1175', '1176', '1177', '1178', '1179', '1180', '1181', '1182', '1183', '1184', '1185', '1186', '1188', '1189', '1190', '1192', '1193', '1194', '1195', '1196', '1197', '1198', '1199', '1200', '1201', '1202', '1203', '1204', '1205', '1206', '1207', '1209', '1210', '1211', '1212', '1213', '1214', '1215', '1216', '1217', '1218', '1219', '1220', '1221', '1222', '1223', '1224', '1225', '1226', '1227', '1228', '1229', '1230', '1231', '1232', '1233', '1234', '1235', '1236', '1237', '1238', '1239', '1240', '1241', '1242', '1243', '1244', '1245', '1246', '1247', '1248', '1249', '1250', '1252', '1253', '1254', '1255', '1256', '1257', '1258', '1259', '1260', '1261', '1262', '1263', '1264', '1265', '1266', '1267', '1268', '1269', '1270', '1271', '1272', '1273', '1274', '1275', '1276', '1277', '1278', '1279', '1280', '1281', '1282', '1283', '1284', '1285', '1286', '1287', '1288', '1289', '1290', '1292', '1293', '1294', '1295', '1296', '1297', '1298', '1299', '1300', '1301', '1302', '1303', '1304', '1306', '1307', '1308', '1309', '1310', '1311', '1312', '1313', '1315', '1316', '1317', '1318', '1320', '1321', '1322', '1323', '1324', '1325', '1326', '1327', '1328', '1329', '1330', '1331', '1332', '1333', '1334', '1335', '1336', '1337', '1338', '1339', '1340', '1341', '1342', '1343', '1344', '1345', '1346', '1347', '1348', '1349', '1350', '1351', '1352', '1353', '1354', '1355', '1356', '1357', '1358', '1359', '1360', '1361', '1362', '1363', '1364', '1365', '1366', '1367', '1368', '1369', '1370', '1371', '1372', '1373', '1374', '1375', '1376', '1377', '1378', '1379', '1380', '1381', '1382', '1383', '1384', '1386', '1387', '1388', '1389', '1390', '1391', '1392', '1393', '1394', '1395', '1396', '1397', '1398', '1400', '1401', '1402', '1403', '1404', '1405', '1406', '1407', '1408', '1409', '1410', '1411', '1412', '1413', '1414', '1415', '1416', '1417', '1418', '1419', '1420', '1421', '1422', '1424', '1425', '1426', '1427', '1428', '1429', '1430', '1432', '1433', '1434', '1435', '1436', '1437', '1438', '1439', '1440', '1441', '1442', '1443', '1444', '1445', '1446', '1447', '1448', '1449', '1450', '1451', '1452', '1453', '1454', '1455', '1456', '1457', '1458', '1459', '1460', '1461', '1462', '1463', '1464', '1465', '1468', '1469', '1470', '1471', '1472', '1473', '1474', '1475', '1476', '1477', '1478', '1479', '1480', '1481', '1482', '1483', '1484', '1485', '1486', '1487', '1488', '1490', '1491', '1492', '1493', '1494', '1495', '1496', '1497', '1498', '1499', '1500', '1501', '1502', '1503', '1504', '1505', '1506', '1507', '1508', '1509', '1510', '1511', '1512', '1513', '1514', '1515', '1516', '1517', '1518', '1519', '1520', '1521', '1522', '1523', '1524', '1525', '1526', '1527', '1528', '1529', '1530', '1531', '1532', '1533', '1534', '1535', '1536', '1537', '1538', '1539', '1540', '1541', '1542', '1543', '1544', '1545', '1546', '1547', '1548', '1549', '1550', '1551', '1552', '1553', '1554', '1556', '1557', '1558', '1559', '1560', '1561', '1562', '1563', '1564', '1565', '1566', '1567', '1568', '1569', '1570', '1571', '1572', '1573', '1574', '1575', '1576', '1577', '1578', '1579', '1580', '1581', '1582', '1583', '1584', '1585', '1586', '1587', '1588', '1589', '1590', '1591', '1592', '1593', '1595', '1596', '1597', '1598', '1599', '1600', '1601', '1602', '1603', '1604', '1605', '1606', '1607', '1608', '1609', '1610', '1611', '1612', '1613', '1614', '1615', '1616', '1617', '1618', '1619', '1620', '1621', '1622', '1623', '1624', '1625', '1626', '1627', '1628', '1629', '1630', '1631', '1632', '1633', '1634', '1635', '1636', '1637', '1638', '1639', '1640', '1641', '1642', '1643', '1644', '1645', '1646', '1647', '1648', '1649', '1650', '1651', '1652', '1653', '1654', '1655', '1656', '1658', '1659', '1660', '1661', '1662', '1664', '1665', '1666', '1667', '1668', '1669', '1670', '1671', '1672', '1673', '1674', '1675', '1676', '1677', '1678', '1680', '1681', '1682', '1683', '1684', '1685', '1686', '1687', '1688', '1689', '1690', '1692', '1693', '1694', '1695', '1696', '1697', '1698', '1699', '1700', '1701', '1702', '1703', '1706', '1707', '1708', '1709', '1710', '1711', '1712', '1713', '1714', '1715', '1716', '1717', '1718', '1719', '1720', '1721', '1722', '1723', '1724', '1725', '1726', '1727', '1728', '1729', '1730', '1731', '1732', '1733', '1734', '1735', '1736', '1737', '1738', '1739', '1740', '1741', '1742', '1743', '1744', '1745', '1746', '1747', '1748', '1749', '1750', '1751', '1752', '1753', '1754', '1755', '1756', '1757', '1758', '1759', '1760', '1761', '1762', '1763', '1764', '1765', '1766', '1767', '1768', '1769', '1770', '1771', '1772', '1773', '1775', '1776', '1777', '1778', '1779', '1780', '1781', '1782', '1783', '1784', '1785', '1786', '1787', '1788', '1789', '1790', '1791', '1792', '1793', '1794', '1795', '1796', '1797', '1798', '1799', '1800', '1801', '1802', '1803', '1804', '1805', '1806', '1807', '1808', '1809', '1810', '1811', '1812', '1813', '1814', '1815', '1816', '1817', '1818', '1819', '1820', '1821', '1822', '1823', '1824', '1825', '1826', '1827', '1828', '1829', '1830', '1831', '1832', '1833', '1834', '1835', '1836', '1837', '1838', '1839', '1840', '1841', '1842', '1843', '1844', '1845', '1846', '1847', '1848', '1849', '1850', '1851', '1852', '1853', '1854', '1855', '1856', '1857', '1858', '1859', '1860', '1861', '1862', '1863', '1864', '1865', '1866', '1867', '1868', '1869', '1871', '1872', '1873', '1874', '1875', '1876', '1877', '1878', '1879', '1880', '1881', '1882', '1883', '1884', '1885', '1886', '1887', '1888', '1889', '1890', '1891', '1892', '1893', '1894', '1895', '1896', '1897', '1899', '1900', '1901', '1902', '1903', '1904', '1905', '1906', '1907', '1908', '1909', '1910', '1911', '1912', '1913', '1914', '1915', '1916', '1917', '1918', '1919', '1920', '1921', '1922', '1923', '1924', '1925', '1926', '1927', '1928', '1929', '1930', '1931', '1932', '1934', '1935', '1936', '1937', '1938', '1939', '1940', '1941', '1942', '1944', '1945', '1946', '1947', '1948', '1949', '1950', '1951', '1952', '1953', '1954', '1955', '1956', '1957', '1958', '1959', '1960', '1961', '1962', '1963', '1964', '1965', '1966', '1967', '1968', '1969', '1970', '1971', '1972', '1973', '1974', '1975', '1976', '1977', '1978', '1979', '1980', '1981', '1983', '1984', '1985', '1986', '1987', '1988', '1989', '1990', '1991', '1992', '1993', '1994', '1995', '1996', '1997', '1998', '1999', '2000', '2001', '2002', '2003', '2005', '2006', '2007', '2008', '2009', '2010', '2011', '2012', '2013', '2014', '2015', '2016', '2017', '2018', '2019', '2020', '2021', '2022', '2023', '2024', '2025', '2026', '2027', '2029', '2030', '2031', '2032', '2033', '2034', '2036', '2037', '2038', '2039', '2040', '2041', '2042', '2043', '2044', '2045', '2046', '2047', '2048', '2049', '2050', '2051', '2052', '2053', '2054', '2055', '2056', '2057', '2058', '2060', '2061', '2062', '2063', '2064', '2065', '2066', '2067', '2068', '2069', '2070', '2071', '2072', '2073', '2074', '2075', '2076', '2077', '2078', '2080', '2081', '2082', '2083', '2084', '2085', '2086', '2087', '2088', '2089', '2090', '2091', '2093', '2094', '2095', '2096', '2097', '2098', '2099', '2101', '2102', '2103', '2104', '2105', '2106', '2107', '2108', '2109', '2110', '2111', '2112', '2113', '2114', '2115', '2116', '2117', '2118', '2119', '2120', '2121', '2123', '2124', '2125', '2126', '2127', '2128', '2129', '2131', '2132', '2133', '2134', '2135', '2136', '2138', '2139', '2140', '2141', '2142', '2143', '2144', '2145', '2146', '2147', '2148', '2149', '2150', '2151', '2152', '2153', '2154', '2155', '2156', '2157', '2158', '2159', '2160', '2161', '2162', '2163', '2164', '2165', '2166', '2167', '2168', '2169', '2170', '2171', '2172', '2173', '2174', '2175', '2176', '2177', '2178', '2179', '2180', '2181', '2182', '2183', '2184', '2185', '2186', '2187', '2188', '2189', '2190', '2191', '2192', '2193', '2194', '2195', '2196', '2197', '2198', '2199', '2200', '2201', '2202', '2203', '2204', '2205', '2206', '2207', '2208', '2209', '2210', '2211', '2212', '2213', '2214', '2215', '2216', '2217', '2218', '2219', '2220', '2221', '2222', '2223', '2224', '2226', '2227', '2228', '2229', '2230', '2231', '2232', '2233', '2234', '2235', '2236', '2237', '2238', '2239', '2240', '2241', '2242', '2243', '2244', '2246', '2247', '2248', '2249', '2250', '2251', '2252', '2253', '2254', '2255', '2256', '2258', '2259', '2260', '2261', '2262', '2263', '2264', '2265', '2266', '2267', '2268', '2269', '2270', '2271', '2272', '2273', '2274', '2275', '2276', '2277', '2278', '2279', '2280', '2281', '2282', '2283', '2284', '2285', '2286', '2287', '2288', '2289', '2290', '2291', '2292', '2293', '2294', '2295', '2296', '2297', '2298', '2299', '2300', '2301', '2302', '2303', '2304', '2305', '2306', '2307', '2308', '2309', '2310', '2311', '2312', '2313', '2314', '2316', '2317', '2318', '2319', '2320', '2321', '2322', '2323', '2324', '2325', '2326', '2327', '2328', '2329', '2330', '2331', '2332', '2333', '2335', '2336', '2337', '2338', '2339', '2340', '2341', '2342', '2344', '2345', '2346', '2347', '2348', '2349', '2350', '2351', '2352', '2353', '2354', '2355', '2356', '2357', '2358', '2359', '2360', '2361', '2362', '2363', '2364', '2365', '2366', '2367', '2368', '2369', '2370', '2371', '2372', '2373', '2374', '2375', '2376', '2377', '2378', '2379', '2380', '2381', '2382', '2383', '2384', '2385', '2386', '2387', '2388', '2389', '2391', '2393', '2394', '2395', '2396', '2397', '2398', '2399', '2400', '2401', '2402', '2403', '2404', '2405', '2406', '2407', '2408', '2409', '2410', '2411', '2414', '2415', '2416', '2417', '2418', '2419', '2420', '2421', '2422', '2423', '2424', '2426', '2427', '2428', '2429', '2430', '2431', '2432', '2433', '2434', '2436', '2437', '2438', '2439', '2440', '2441', '2442', '2443', '2444', '2445', '2446', '2447', '2448', '2449', '2450', '2451', '2452', '2453', '2454', '2455', '2456', '2457', '2458', '2460', '2461', '2462', '2463', '2464', '2465', '2466', '2467', '2468', '2469', '2470', '2471', '2472', '2473', '2474', '2475', '2476', '2477', '2478', '2479', '2480', '2481', '2482', '2483', '2485', '2486', '2487', '2488', '2489', '2490', '2491', '2492', '2493', '2494', '2495', '2496', '2497', '2498', '2499', '2500', '2501', '2502', '2503', '2504', '2505', '2506', '2507', '2508', '2509', '2510', '2511', '2512', '2513', '2514', '2515', '2516', '2517', '2518', '2519', '2520', '2521', '2522', '2523', '2524', '2525', '2526', '2527', '2528', '2529', '2531', '2532', '2533', '2535', '2536', '2537', '2539', '2540', '2541', '2542', '2543', '2544', '2545', '2546', '2547', '2548', '2549', '2550', '2551', '2552', '2553', '2554', '2555', '2556', '2557', '2558', '2559', '2560', '2561', '2562', '2563', '2565', '2566', '2567', '2568', '2569', '2570', '2571', '2572', '2573', '2574', '2575', '2576', '2577', '2578', '2579', '2580', '2581', '2582', '2583', '2585', '2586', '2587', '2588', '2590', '2591', '2592', '2593', '2594', '2595', '2596', '2597', '2598', '2599', '2600', '2601', '2602', '2603', '2604', '2605', '2606', '2607', '2608', '2609', '2610', '2611', '2612', '2613', '2614', '2615', '2616', '2617', '2618', '2619', '2620', '2621', '2622', '2623', '2624', '2626', '2627', '2628', '2629', '2630', '2631', '2632', '2633', '2634', '2635', '2636', '2637', '2638', '2639', '2640', '2641', '2642', '2643', '2644', '2645', '2646', '2647', '2648', '2649', '2650', '2651', '2652', '2653', '2654', '2655', '2656', '2658', '2659', '2660', '2661', '2662', '2663', '2664', '2665', '2666', '2667', '2668', '2669', '2670', '2671', '2672', '2673', '2674', '2675', '2676', '2678', '2679', '2680', '2681', '2682', '2683', '2684', '2685', '2686', '2687', '2688', '2689', '2690', '2691', '2692', '2693', '2695', '2696', '2697', '2698', '2699', '2700', '2701', '2702', '2703']"
Food,13_quail egg_egg yolk_chicken egg_eggs quail,13,Balut and other Eggs,13,"['10', '14', '95', '139', '204', '210', '211', '237', '239', '243', '344', '397', '440', '446', '447', '506', '521', '537', '547', '595', '608', '627', '637', '641', '657', '718', '742', '778', '797', '813', '829', '838', '843', '868', '888', '900', '970', '984', '1033', '1063', '1064', '1084', '1085', '1111', '1113', '1126', '1188', '1194', '1202', '1241', '1295', '1319', '1324', '1361', '1376', '1391', '1408', '1480', '1481', '1493', '1554', '1558', '1567', '1586', '1606', '1612', '1613', '1648', '1676', '1711', '1739', '1755', '1895', '1910', '1932', '1955', '1971', '2035', '2048', '2062', '2109', '2207', '2230', '2280', '2291', '2383', '2407', '2408', '2497', '2507', '2529', '2569', '2635', '2669']"
Food,19_halohalo_ube ice cream_ice candy_yum,19,Philippine Halo-Halo Dessert,19,"['13', '25', '26', '46', '50', '75', '95', '139', '142', '152', '155', '179', '186', '190', '196', '213', '217', '221', '224', '238', '250', '268', '286', '289', '294', '309', '317', '322', '323', '336', '341', '344', '347', '359', '372', '381', '396', '397', '400', '401', '416', '429', '438', '441', '456', '461', '467', '468', '470', '493', '504', '506', '513', '550', '572', '584', '586', '609', '612', '615', '617', '620', '622', '627', '630', '634', '644', '650', '651', '694', '707', '708', '713', '726', '728', '738', '744', '754', '758', '817', '835', '866', '872', '875', '889', '890', '900', '909', '917', '921', '931', '939', '946', '968', '970', '971', '974', '980', '990', '1009', '1020', '1030', '1046', '1062', '1065', '1095', '1097', '1109', '1123', '1128', '1145', '1155', '1175', '1190', '1191', '1194', '1201', '1202', '1218', '1231', '1236', '1241', '1247', '1299', '1313', '1342', '1349', '1370', '1386', '1392', '1408', '1413', '1420', '1427', '1435', '1466', '1469', '1478', '1483', '1487', '1498', '1504', '1506', '1512', '1529', '1531', '1532', '1538', '1551', '1586', '1625', '1638', '1640', '1653', '1694', '1702', '1704', '1715', '1727', '1736', '1739', '1765', '1787', '1802', '1812', '1813', '1818', '1843', '1846', '1849', '1852', '1853', '1879', '1928', '1953', '1955', '1962', '1967', '1988', '1997', '2015', '2052', '2055', '2062', '2066', '2081', '2092', '2105', '2117', '2121', '2127', '2169', '2198', '2201', '2206', '2209', '2248', '2252', '2254', '2272', '2277', '2303', '2306', '2312', '2316', '2326', '2353', '2364', '2380', '2407', '2419', '2445', '2447', '2456', '2487', '2508', '2518', '2536', '2566', '2569', '2575', '2613', '2615', '2616', '2633', '2645', '2682', '2685']"
Food,26_local coffee_coffee shops_cafe_coffee shop,26,Local Coffee and Coffee Shops,26,"['39', '45', '72', '100', '107', '145', '159', '176', '263', '287', '299', '331', '389', '431', '548', '556', '559', '690', '751', '755', '789', '808', '838', '848', '851', '893', '931', '934', '1041', '1049', '1069', '1070', '1093', '1097', '1109', '1134', '1201', '1229', '1235', '1316', '1331', '1335', '1408', '1449', '1506', '1512', '1513', '1544', '1607', '1609', '1627', '1677', '1686', '1721', '1755', '1774', '1829', '1847', '1851', '1855', '1868', '1942', '2016', '2138', '2161', '2226', '2230', '2245', '2328', '2350', '2379', '2447', '2478', '2482', '2487', '2488', '2510', '2517', '2531', '2539', '2552', '2569', '2598', '2635', '2646', '2667', '2702']"
Food,34_squid squid_squid squid squid_squid_stew,34,Squid,34,"['11', '41', '108', '183', '195', '229', '234', '252', '256', '322', '323', '341', '348', '352', '359', '371', '380', '415', '416', '423', '455', '468', '470', '492', '501', '552', '565', '568', '592', '609', '623', '641', '707', '716', '736', '754', '769', '784', '795', '805', '809', '837', '839', '848', '903', '914', '918', '937', '945', '974', '985', '999', '1045', '1062', '1068', '1095', '1125', '1194', '1229', '1235', '1241', '1249', '1283', '1289', '1293', '1308', '1313', '1320', '1331', '1337', '1340', '1384', '1402', '1408', '1483', '1495', '1512', '1531', '1544', '1545', '1557', '1569', '1578', '1580', '1606', '1613', '1645', '1648', '1653', '1654', '1664', '1676', '1678', '1696', '1699', '1787', '1814', '1842', '1880', '1895', '1909', '1928', '1944', '1972', '2036', '2071', '2134', '2156', '2177', '2206', '2264', '2274', '2277', '2341', '2384', '2414', '2444', '2484', '2487', '2494', '2516', '2527', '2529', '2547', '2566', '2573', '2597', '2624', '2651', '2662']"
Food,63_pule ti_pule pule_groufie_calamansi,63,Filipino Food,63,"['150', '260', '334', '419', '448', '503', '521', '523', '566', '750', '774', '790', '810', '859', '877', '887', '888', '903', '931', '937', '997', '999', '1064', '1100', '1130', '1137', '1271', '1288', '1326', '1337', '1439', '1448', '1457', '1532', '1679', '1696', '1778', '1796', '1855', '1923', '2050', '2055', '2077', '2164', '2235', '2239', '2381', '2392', '2395', '2458', '2540', '2551', '2599', '2636', '2668', '2684']"
Food,65_hungry hungry hungry_hungry hungry_hungry_tasty,65,Satisfying Hunger with Delicious Food,65,"['2', '17', '50', '56', '68', '71', '153', '168', '260', '262', '298', '318', '336', '450', '470', '497', '527', '567', '606', '703', '728', '777', '789', '835', '876', '885', '919', '926', '933', '939', '984', '990', '998', '1076', '1097', '1111', '1120', '1128', '1167', '1170', '1261', '1262', '1291', '1303', '1305', '1331', '1337', '1386', '1390', '1402', '1468', '1475', '1512', '1545', '1565', '1625', '1646', '1649', '1676', '1689', '1712', '1789', '1813', '1851', '1858', '1870', '1883', '1893', '1930', '1951', '1973', '1983', '1999', '2034', '2066', '2085', '2092', '2106', '2109', '2134', '2138', '2178', '2206', '2207', '2258', '2291', '2392', '2403', '2408', '2428', '2452', '2453', '2464', '2583', '2607', '2661']"
Food,81_producer coconuts_coconuts producer coconuts_coconuts producer_coconut fresh,81,Coconut Varieties and Production,81,"['38', '108', '250', '272', '369', '461', '500', '511', '633', '637', '641', '661', '831', '846', '860', '885', '917', '956', '957', '984', '1089', '1111', '1167', '1176', '1196', '1202', '1217', '1218', '1225', '1355', '1365', '1389', '1419', '1462', '1502', '1628', '1721', '1742', '1768', '1825', '1844', '1849', '1887', '1953', '1979', '1998', '2016', '2024', '2075', '2117', '2182', '2205', '2240', '2247', '2287', '2498', '2517', '2559', '2649', '2656', '2661']"
Food,89_fruits mango_mangosteen_fruit fresh_mangoes,89,Mango Fruit,89,"['10', '18', '62', '134', '176', '229', '305', '369', '370', '380', '422', '423', '437', '438', '439', '441', '453', '475', '501', '598', '684', '699', '789', '822', '937', '985', '992', '1005', '1034', '1054', '1091', '1106', '1158', '1186', '1207', '1309', '1380', '1405', '1490', '1525', '1548', '1558', '1644', '1654', '1676', '1678', '1728', '1750', '1768', '1915', '1964', '2055', '2065', '2154', '2272', '2348', '2354', '2411', '2514', '2526', '2543', '2652', '2661']"
Food,109_mango_mango mangoes_mangoes_song,109,Mango Fruit,109,"['25', '29', '46', '136', '153', '176', '189', '229', '467', '469', '482', '537', '541', '581', '627', '640', '641', '714', '828', '852', '863', '872', '882', '918', '955', '956', '982', '1040', '1045', '1095', '1177', '1261', '1410', '1414', '1428', '1448', '1496', '1504', '1601', '1608', '1691', '1735', '1789', '1865', '1918', '1936', '1948', '1986', '1989', '2074', '2262', '2271', '2300', '2345', '2376', '2417', '2443', '2479', '2606', '2628', '2642', '2692', '2693']"
Food,116_como esta_chicken_chicken ball hot_chicken balls chicken,116,Chicken & its Specific Related Dishes ,116,"['210', '263', '277', '323', '374', '380', '394', '399', '461', '618', '657', '664', '696', '731', '784', '813', '866', '903', '982', '1054', '1122', '1233', '1284', '1375', '1702', '1807', '1855', '1937', '2024', '2043', '2059', '2091', '2150', '2162', '2206', '2256', '2344', '2406', '2426', '2445', '2636']"
Food,119_salido_bean mung bean_mung_vice bucket,119,Common Filipino Dishes,119,"['26', '323', '367', '436', '599', '695', '766', '825', '914', '922', '1016', '1081', '1091', '1650', '1673', '1705', '1891', '1910', '2108', '2137', '2155', '2269', '2314', '2392', '2472', '2493', '2606']"
Travel,9_topics taiwan_taiwan_taiwan staying_taiwan taiwan,9,Travel to Taiwan & Destinations,9,"['4', '74', '97', '189', '225', '259', '308', '317', '319', '445', '473', '508', '535', '597', '601', '629', '649', '671', '683', '705', '730', '820', '833', '835', '871', '908', '913', '1034', '1083', '1098', '1129', '1165', '1170', '1189', '1214', '1292', '1299', '1332', '1338', '1350', '1386', '1393', '1596', '1632', '1633', '1658', '1693', '1775', '1972', '1981', '1994', '2017', '2020', '2050', '2217', '2256', '2295', '2401', '2414', '2436', '2499', '2530', '2577', '2600', '2626', '2655', '2659', '2665']"
Travel,15_walk beach_beach_beach beach beach_beach beach,15,Walking by the Beach Experience,15,"['7', '20', '33', '34', '84', '88', '104', '114', '147', '162', '168', '172', '173', '176', '184', '192', '216', '217', '222', '224', '231', '238', '247', '262', '263', '267', '270', '272', '306', '307', '324', '330', '340', '341', '356', '359', '360', '375', '385', '388', '417', '432', '433', '436', '446', '453', '458', '465', '484', '525', '543', '544', '546', '589', '599', '606', '615', '619', '652', '664', '667', '676', '712', '716', '723', '726', '734', '750', '781', '787', '798', '804', '809', '810', '892', '894', '906', '921', '923', '927', '930', '947', '966', '967', '972', '1004', '1031', '1048', '1075', '1076', '1082', '1127', '1130', '1131', '1172', '1176', '1179', '1185', '1193', '1202', '1206', '1254', '1285', '1292', '1294', '1309', '1317', '1325', '1326', '1333', '1334', '1336', '1338', '1359', '1394', '1399', '1414', '1439', '1453', '1505', '1526', '1540', '1552', '1553', '1580', '1581', '1583', '1589', '1610', '1618', '1635', '1639', '1647', '1668', '1676', '1701', '1710', '1725', '1731', '1736', '1737', '1788', '1790', '1803', '1809', '1824', '1843', '1847', '1907', '1911', '1916', '1937', '1949', '1952', '1977', '2005', '2023', '2026', '2028', '2045', '2050', '2056', '2057', '2074', '2079', '2089', '2097', '2106', '2109', '2113', '2115', '2125', '2144', '2153', '2165', '2167', '2173', '2203', '2237', '2239', '2255', '2261', '2268', '2320', '2326', '2348', '2358', '2411', '2414', '2436', '2465', '2481', '2500', '2505', '2510', '2523', '2542', '2544', '2581', '2582', '2590', '2597', '2609', '2611', '2636', '2637', '2647', '2655', '2658']"
Travel,17_filipinawives_filipina couples_filipina_tourist visas,17,Filipino Partner & Tourist Visas,17,"['42', '121', '143', '180', '344', '349', '359', '411', '508', '533', '586', '587', '664', '703', '706', '888', '1011', '1025', '1038', '1167', '1174', '1195', '1236', '1248', '1252', '1304', '1478', '1655', '1746', '1760', '1837', '1882', '1977', '1982', '2009', '2065', '2093', '2128', '2224', '2309', '2413', '2533', '2595', '2618', '2631', '2690', '2694']"
Travel,18_sagada_adore adore_buried_grave,18,Sagada Burial Caves & Hanging Coffins,18,"['95', '98', '145', '156', '271', '285', '291', '333', '372', '409', '420', '446', '456', '550', '600', '618', '646', '947', '1156', '1210', '1227', '1321', '1350', '1352', '1372', '1389', '1553', '1558', '1591', '1683', '1705', '1706', '1739', '1750', '1774', '1776', '1924', '1991', '2021', '2077', '2196', '2259', '2300', '2397', '2520', '2538', '2551', '2556', '2600', '2676']"
Travel,20_tourist visa_bureau immigration_visa_visa extension,20,Travel Immigration & Visa Processes,20,"['11', '117', '163', '185', '212', '227', '240', '331', '344', '425', '582', '591', '624', '657', '661', '683', '684', '690', '698', '701', '729', '789', '831', '863', '932', '1018', '1037', '1066', '1101', '1174', '1273', '1278', '1279', '1311', '1327', '1338', '1339', '1357', '1460', '1510', '1622', '1633', '1685', '1702', '1771', '1828', '1837', '1859', '1922', '1943', '1994', '2058', '2082', '2104', '2135', '2140', '2196', '2224', '2401', '2448', '2450', '2515', '2622', '2629', '2664', '2666', '2691', '2694']"
Travel,21_rice terraces smartly_eighth rice terraces_rice terraces_terraces eighth rice,21,Banaue Rice Terraces,21,"['95', '103', '177', '182', '289', '307', '354', '386', '461', '500', '519', '578', '611', '761', '840', '862', '869', '917', '921', '932', '934', '941', '1073', '1083', '1133', '1154', '1158', '1162', '1183', '1210', '1355', '1403', '1462', '1468', '1502', '1518', '1528', '1591', '1616', '1763', '1781', '1803', '1892', '1894', '1900', '1979', '2002', '2014', '2037', '2069', '2124', '2126', '2151', '2154', '2176', '2226', '2247', '2255', '2356', '2493', '2498', '2503', '2666']"
Travel,30_considered rich_immigration_rich money rich_rich rich rich,30,Wealthy & Rich Tourists Travelling,30,"['4', '30', '55', '118', '185', '212', '230', '361', '495', '588', '601', '673', '683', '729', '818', '838', '879', '881', '907', '950', '1037', '1039', '1042', '1123', '1255', '1278', '1410', '1518', '1631', '1683', '1698', '1716', '1747', '1766', '1845', '1996', '2020', '2035', '2111', '2123', '2224', '2334', '2368', '2372', '2399', '2432', '2457', '2524', '2679']"
Travel,38_nino cathedral_basilica_cathedrals_cathedral,38,Basilicas and Cathedrals in the Philippines,38,"['28', '95', '180', '237', '259', '311', '549', '855', '892', '899', '936', '941', '985', '1083', '1092', '1133', '1179', '1315', '1416', '1435', '1476', '1528', '1553', '1568', '1617', '1689', '1697', '1705', '1774', '1798', '1890', '2023', '2045', '2077', '2124', '2126', '2127', '2196', '2433', '2524', '2682', '2696']"
Travel,43_visiting retiring beach_tips visiting retiring_retiring beach jet_retiring beach,43,Trip to a Beach Destination,43,"['0', '9', '39', '45', '101', '141', '219', '227', '414', '437', '552', '682', '723', '734', '765', '939', '975', '978', '993', '1010', '1018', '1042', '1089', '1097', '1126', '1149', '1296', '1338', '1340', '1377', '1398', '1431', '1460', '1516', '1517', '1548', '1560', '1562', '1591', '1605', '1616', '1624', '1635', '1705', '1720', '1752', '1753', '1819', '1822', '1931', '2023', '2091', '2166', '2323', '2324', '2355', '2401', '2432', '2450', '2460', '2479', '2481', '2506', '2512', '2513', '2535', '2552', '2589', '2659']"
Travel,54_manila cathedral church_manila cathedral_churches_catholic church,54,Manila Cathedral,54,"['34', '67', '95', '308', '327', '383', '456', '506', '536', '560', '578', '600', '618', '669', '703', '753', '794', '811', '860', '899', '959', '1046', '1092', '1121', '1154', '1179', '1227', '1409', '1420', '1441', '1485', '1497', '1528', '1537', '1542', '1589', '1591', '1614', '1656', '1689', '1697', '1727', '1731', '1771', '1896', '1942', '1945', '1997', '2054', '2124', '2193', '2301', '2308', '2311', '2333', '2334', '2338', '2407', '2433', '2461', '2482', '2517', '2527', '2539', '2668', '2688', '2696']"
Travel,55_restaurant baguio_tuguguru tuguguru_baguio_bel church baguio,55,Food & Destination in Baguio,55,"['134', '345', '358', '523', '558', '578', '701', '1044', '1156', '1202', '1254', '1271', '1516', '1569', '1759', '1781', '2150', '2192', '2242', '2270', '2348', '2463', '2501', '2508', '2672', '2673']"
Travel,58_pool bar pool_bar pool_pool bar_kananga kananga,58,Drinks & Relaxation by the Pool,58,"['4', '52', '269', '289', '298', '335', '399', '551', '566', '682', '690', '699', '794', '859', '922', '931', '936', '1011', '1090', '1159', '1236', '1359', '1394', '1407', '1590', '1596', '1622', '1649', '1738', '1838', '1867', '1868', '1988', '2033', '2042', '2087', '2146', '2322', '2333', '2352', '2429', '2463', '2510', '2593', '2600', '2612', '2622', '2650', '2666', '2689', '2697']"
Travel,61_bureau immigration_immigration_visa immigration_visa,61,Visa & Bureau of Immigration,61,"['143', '192', '461', '487', '557', '624', '727', '788', '953', '1037', '1136', '1275', '1482', '1751', '1759', '1822', '1867', '1875', '1935', '1943', '2023', '2041', '2104', '2184', '2222', '2249', '2258', '2327', '2372', '2373', '2523', '2687', '2699']"
Travel,64_bgc modern manila_manila_animals_modern manila,64,"Bonifacio Global City, Taguig, Metro Manila",64,"['4', '56', '57', '122', '147', '160', '164', '166', '194', '228', '235', '243', '271', '305', '308', '320', '346', '386', '403', '520', '579', '628', '635', '673', '678', '692', '695', '705', '726', '766', '781', '818', '870', '874', '899', '917', '1000', '1004', '1088', '1094', '1135', '1164', '1224', '1226', '1270', '1372', '1388', '1396', '1420', '1423', '1455', '1475', '1485', '1498', '1510', '1589', '1656', '1663', '1682', '1706', '1768', '1781', '1796', '1799', '1802', '1838', '1847', '1870', '1882', '1907', '1915', '1942', '2011', '2045', '2051', '2053', '2099', '2144', '2161', '2173', '2284', '2292', '2374', '2401', '2427', '2477', '2521', '2524', '2577', '2602', '2605', '2655', '2693', '2695']"
Travel,73_binondo chinatown manila_chinatown manila_binondo chinatown_fort san pedro,73,Chinatown Manila,73,"['51', '151', '154', '183', '196', '269', '289', '344', '347', '351', '383', '397', '411', '444', '445', '509', '571', '590', '606', '650', '651', '840', '860', '869', '874', '934', '984', '1085', '1122', '1157', '1198', '1235', '1266', '1279', '1353', '1528', '1589', '1613', '1730', '1774', '1887', '1997', '2007', '2048', '2076', '2151', '2196', '2230', '2235', '2256', '2308', '2367', '2383', '2455', '2544', '2567', '2578', '2646', '2690']"
Travel,75_wifi island_wifi_speed wifi_tourist spot,75,Internet Connectivity in Tourist Destinations,75,"['7', '27', '47', '117', '178', '182', '255', '314', '422', '427', '437', '439', '603', '657', '704', '764', '857', '888', '927', '1118', '1153', '1267', '1271', '1350', '1458', '1491', '1555', '1558', '1574', '1635', '1676', '1681', '1688', '1734', '1838', '1930', '1951', '1976', '2082', '2126', '2159', '2193', '2277', '2370', '2448', '2507', '2527', '2696']"
Travel,77_fun cemetery_monument manila_celebrate_celebrate dead,77,Rizal Park Monument & Manila Cemetery,77,"['187', '199', '311', '360', '520', '555', '560', '579', '658', '756', '879', '950', '959', '1134', '1179', '1288', '1335', '1494', '1565', '1702', '1884', '2076', '2440', '2551', '2556', '2600', '2603', '2634', '2639', '2659', '2666', '2682']"
Travel,90_started traveling_trips_trip_talking tourists,90,Experiences of a First Time Traveler,90,"['39', '115', '124', '289', '358', '484', '519', '525', '533', '535', '550', '557', '681', '686', '706', '727', '746', '784', '865', '885', '893', '906', '933', '1039', '1054', '1073', '1104', '1148', '1181', '1204', '1212', '1278', '1336', '1369', '1413', '1414', '1543', '1782', '1795', '1846', '1862', '1994', '2086', '2099', '2102', '2125', '2133', '2175', '2183', '2201', '2235', '2245', '2317', '2323', '2354', '2375', '2398', '2450', '2640', '2658']"
Travel,91_manila surrounding cities_manila population_capital manila surrounding_manila largest,91,Metro Manila as the National Capital Region,91,"['24', '63', '70', '91', '128', '232', '308', '317', '519', '598', '649', '779', '798', '835', '851', '936', '960', '1011', '1049', '1069', '1078', '1154', '1202', '1236', '1355', '1366', '1451', '1462', '1485', '1502', '1529', '1530', '1723', '1761', '1807', '1900', '1940', '1966', '1979', '2023', '2075', '2096', '2153', '2337', '2373', '2374', '2432', '2498', '2522', '2539', '2544', '2655', '2659']"
Travel,92_shopping malls_shopping malls shopping_malls shopping_street markets,92,Going to Shopping Malls and Street Markets in Manila,92,"['20', '100', '107', '141', '208', '220', '238', '291', '374', '454', '500', '505', '537', '548', '568', '789', '822', '836', '901', '936', '980', '985', '1049', '1170', '1186', '1213', '1233', '1376', '1404', '1423', '1475', '1503', '1596', '1640', '1678', '1689', '1726', '1730', '1734', '1836', '1965', '2027', '2062', '2083', '2154', '2162', '2282', '2432', '2444', '2498', '2527', '2549', '2594', '2630', '2652', '2682']"
Travel,93_sabu_ride_transport_beach,93,Island and Beach Travel Experiences,93,"['7', '49', '123', '138', '170', '184', '255', '271', '330', '422', '445', '484', '492', '525', '578', '582', '609', '647', '657', '661', '664', '761', '794', '795', '904', '907', '1081', '1091', '1185', '1214', '1302', '1335', '1369', '1457', '1498', '1544', '1604', '1622', '1635', '1649', '1658', '1672', '1700', '1712', '1731', '1763', '1778', '1842', '1843', '1914', '1941', '1958', '2005', '2057', '2058', '2082', '2109', '2121', '2140', '2154', '2183', '2306', '2461', '2499', '2506', '2507', '2609', '2650']"
Travel,106_bohol chocolate hills_chocolate hills atv_chocolate hills_chocolate chocolate hills,106,Chocolate Hills in Bohol,106,"['31', '58', '227', '236', '247', '260', '437', '491', '502', '611', '690', '706', '714', '723', '869', '886', '980', '1000', '1090', '1192', '1219', '1220', '1236', '1314', '1372', '1408', '1556', '1591', '1596', '1597', '1598', '1601', '1605', '1630', '1708', '1774', '1807', '1822', '1825', '1856', '1937', '1972', '1983', '2045', '2118', '2153', '2168', '2176', '2210', '2228', '2263', '2374', '2383', '2492', '2525', '2547', '2567', '2592', '2682', '2697']"
Travel,110_experience culture shock_biggest culture shock_culture shock_culture shock culture,110,Experiencing Culture Shock,110,"['23', '70', '74', '80', '197', '216', '389', '520', '561', '564', '601', '666', '700', '704', '705', '717', '733', '879', '881', '902', '960', '990', '1133', '1139', '1142', '1214', '1346', '1350', '1403', '1485', '1503', '1544', '1845', '1929', '1931', '1997', '2020', '2051', '2083', '2118', '2163', '2249', '2290', '2329', '2392', '2438', '2477', '2517', '2560', '2591', '2605']"
Travel,112_traveling cheap transports_cheap transports_transports cheap_cheap transports cheap,112,Cheap Transportation while Travelling,112,"['194', '212', '249', '590', '603', '704', '720', '729', '746', '831', '836', '1037', '1073', '1118', '1232', '1275', '1298', '1894', '1950', '2533', '2601', '2625']"
Travel,115_bike shop_bike rent_rent bike_bikes,115,Bicycle & Tricycle Rental,115,"['24', '42', '97', '152', '222', '306', '380', '382', '422', '437', '463', '533', '556', '583', '644', '698', '714', '728', '733', '801', '837', '888', '906', '920', '966', '1000', '1073', '1081', '1226', '1260', '1357', '1537', '1549', '1610', '1623', '1630', '1639', '1643', '1734', '1780', '1921', '2092', '2153', '2204', '2213', '2235', '2252', '2288', '2289', '2298', '2319', '2333', '2334', '2486', '2499', '2582', '2607', '2647', '2670']"
Politics,3_kids_poor_learn_deserve,3,Experiences of Children in Community & Culture,3,"['9', '22', '24', '70', '127', '131', '132', '167', '172', '179', '191', '227', '244', '257', '266', '282', '338', '349', '358', '361', '363', '398', '417', '422', '452', '480', '482', '489', '518', '530', '538', '543', '581', '593', '654', '659', '678', '681', '684', '701', '710', '729', '745', '752', '756', '760', '793', '815', '855', '858', '868', '873', '878', '899', '935', '976', '977', '985', '986', '1017', '1033', '1038', '1042', '1073', '1088', '1089', '1096', '1102', '1114', '1150', '1174', '1176', '1177', '1209', '1211', '1222', '1236', '1250', '1269', '1271', '1286', '1321', '1336', '1338', '1350', '1353', '1367', '1376', '1391', '1396', '1424', '1435', '1465', '1548', '1555', '1562', '1574', '1584', '1614', '1620', '1626', '1639', '1640', '1655', '1679', '1713', '1720', '1766', '1769', '1770', '1852', '1885', '1906', '1941', '2004', '2041', '2063', '2065', '2087', '2110', '2113', '2125', '2203', '2216', '2238', '2242', '2250', '2258', '2284', '2310', '2331', '2342', '2378', '2382', '2393', '2420', '2467', '2480', '2505', '2506', '2513', '2528', '2534', '2583', '2595', '2626', '2675', '2692', '2700']"
Politics,4_battalion combat_armed forces_troops_warfare,4,"Military Assets, Combat, Strategies",4,"['1', '104', '130', '245', '382', '389', '482', '578', '604', '652', '826', '841', '1046', '1050', '1133', '1187', '1197', '1251', '1299', '1344', '1373', '1379', '1403', '1415', '1465', '1584', '1595', '1630', '1710', '1742', '1933', '1970', '2004', '2051', '2093', '2115', '2130', '2165', '2185', '2191', '2202', '2214', '2225', '2279', '2378', '2379', '2593']"
Politics,22_prejudices prejudice women_discussion roots prejudice_prejudice women_prejudice women women,22,Discussing Prejudice Against Women,22,"['33', '161', '257', '265', '312', '325', '394', '497', '698', '707', '713', '760', '877', '879', '935', '1129', '1150', '1452', '1559', '1792', '2116', '2224', '2262', '2384', '2525']"
Politics,25_recruits_training_scout rangers_platoon,25,Military and its Subunits,25,"['1', '245', '319', '415', '587', '778', '912', '1032', '1187', '1478', '1602', '1857', '1915', '1918', '1970', '2011', '2130', '2165', '2188', '2339']"
Politics,33_san miguel corporation_san miguel brewery_san miguel san_acquisitions san,33,San Miguel Corporation,33,"['49', '74', '131', '182', '255', '624', '661', '683', '711', '769', '790', '999', '1004', '1081', '1088', '1135', '1157', '1275', '1314', '1332', '1344', '1382', '1400', '1455', '1536', '1684', '2011', '2125', '2241', '2339', '2476', '2491', '2658']"
Politics,40_worlds largest solar_largest solar_renewable_solar power,40,Largest Solar Power Projects in Manila / Southeast Asia,40,"['8', '26', '39', '118', '143', '199', '213', '237', '303', '379', '436', '481', '505', '597', '657', '831', '953', '981', '1024', '1037', '1078', '1106', '1135', '1141', '1227', '1237', '1288', '1314', '1321', '1345', '1539', '1543', '1596', '1619', '1631', '1661', '1922', '1925', '2029', '2065', '2183', '2280', '2284', '2374', '2412', '2446', '2480', '2574', '2691']"
Politics,52_youtubers poverty porn_create poverty porn_porn poverty porn_poverty porn,52,Poverty Porn Content in YouTube,52,"['9', '43', '70', '119', '125', '266', '393', '428', '486', '499', '564', '648', '689', '837', '899', '936', '942', '953', '1015', '1028', '1205', '1262', '1270', '1396', '1455', '1465', '1542', '1604', '1616', '1726', '1827', '2004', '2025', '2224', '2251', '2263', '2422', '2564', '2648', '2657']"
Politics,108_ranger scout_navigation scout ranger_scout ranger_navigation recruits,108,Recruiting Scout Rangers,108,"['326', '544', '574', '912', '938', '1022', '1032', '1143', '1187', '1226', '1278', '1293', '1311', '1602', '2174', '2187', '2447', '2648']"
Entertainment,24_manny_father actor_manny pacquiao_salt papi,24,Manny Pacquaio (National Icon),24,"['12', '18', '261', '310', '344', '357', '372', '439', '443', '462', '481', '491', '629', '635', '639', '655', '719', '748', '820', '823', '894', '1080', '1149', '1168', '1172', '1311', '1320', '1410', '1422', '1434', '1473', '1637', '1734', '1744', '1762', '1783', '1871', '1920', '1926', '1943', '1954', '1992', '1998', '2073', '2238', '2314', '2374', '2416', '2445', '2452', '2453', '2464', '2480', '2509', '2558']"
Entertainment,37_masculine energy feminine_energy feminine energy_masculine energy_feminine energy,37,Masculine and Feminine Energy in Writing,37,"['125', '250', '325', '392', '401', '425', '501', '538', '628', '648', '653', '686', '1027', '1029', '1042', '1043', '1084', '1131', '1150', '1161', '1209', '1333', '1498', '1563', '1576', '1609', '1665', '1674', '1707', '1708', '1742', '1864', '1894', '2061', '2075', '2135', '2143', '2334', '2425', '2430', '2509', '2522', '2648', '2690']"
Entertainment,42_relationship coppo_adorable coppos_coppos_daniel padilla,42,Philippine Love Teams featuring Daniel Padilla,42,"['58', '237', '246', '367', '498', '856', '1073', '1122', '1156', '1184', '1605', '1651', '1719', '1745', '1875', '1903', '2021', '2076', '2222', '2240', '2314', '2493', '2565']"
Entertainment,47_singer_dance dance dance_star star star_sing,47,Singing and Dancing Stars,47,"['18', '25', '73', '92', '98', '114', '132', '169', '197', '203', '206', '248', '252', '315', '326', '356', '365', '426', '460', '479', '481', '490', '491', '498', '538', '562', '575', '607', '645', '686', '808', '889', '908', '938', '940', '960', '961', '988', '995', '1003', '1029', '1035', '1096', '1115', '1134', '1151', '1164', '1208', '1228', '1242', '1243', '1263', '1268', '1281', '1285', '1288', '1319', '1356', '1417', '1425', '1445', '1446', '1473', '1487', '1621', '1637', '1737', '1749', '1872', '1886', '1918', '1929', '1946', '1958', '2022', '2025', '2040', '2042', '2046', '2073', '2136', '2152', '2217', '2218', '2266', '2280', '2305', '2369', '2405', '2428', '2452', '2468', '2476', '2504', '2515', '2525', '2643', '2644', '2672']"
Entertainment,60_hang louis hang_louis hang louis_hang louis_louis hang,60,Louis Huang (Internation Actor),60,"['28', '33', '262', '325', '495', '520', '535', '579', '589', '659', '704', '891', '915', '920', '935', '977', '1060', '1088', '1144', '1312', '1389', '1394', '1405', '1518', '1528', '1548', '1647', '1757', '1786', '1813', '1844', '1861', '2172', '2239', '2249', '2252', '2310', '2477', '2534', '2636']"
Entertainment,62_morning cinema_cinema continue_morning cinema continue_cinema,62,Cinema & Watching Movies,62,"['33', '132', '141', '144', '163', '448', '727', '741', '751', '869', '902', '906', '933', '952', '972', '1012', '1102', '1236', '1256', '1312', '1353', '1616', '1657', '1713', '1733', '1763', '1822', '1910', '1943', '1946', '1980', '1981', '1982', '2005', '2018', '2021', '2138', '2149', '2205', '2264', '2282', '2522', '2622', '2661', '2694']"
Entertainment,66_episode pinay moms_pinay moms blogs_excited excited excited_watching pinay moms,66,Pinay Moms Content and Viewer Engagement ,66,"['48', '50', '115', '120', '122', '163', '177', '179', '234', '235', '283', '302', '322', '396', '420', '429', '431', '439', '501', '533', '592', '599', '621', '700', '726', '735', '743', '760', '767', '779', '795', '835', '865', '874', '900', '943', '952', '957', '980', '1051', '1073', '1121', '1315', '1340', '1357', '1377', '1430', '1440', '1453', '1474', '1508', '1544', '1576', '1588', '1610', '1643', '1650', '1680', '1687', '1690', '1696', '1720', '1849', '1962', '1966', '1974', '1988', '1996', '2044', '2056', '2117', '2148', '2170', '2177', '2180', '2241', '2261', '2306', '2327', '2332', '2350', '2378', '2382', '2386', '2419', '2469', '2536', '2557', '2590', '2633', '2651']"
Entertainment,72_watch jollibee commercials_reacting jollibee commercials_jollibee commercials_jollibee commercials jollibee,72,Watching Kwentong Jollibee Commercial,72,"['64', '110', '153', '156', '169', '213', '224', '253', '314', '325', '336', '352', '362', '374', '571', '592', '614', '698', '709', '780', '781', '789', '792', '820', '842', '888', '889', '890', '951', '962', '979', '1030', '1034', '1081', '1145', '1175', '1200', '1240', '1251', '1255', '1268', '1344', '1395', '1473', '1484', '1538', '1544', '1638', '1674', '1689', '1700', '1713', '1719', '1756', '1762', '1785', '1827', '1833', '1847', '1848', '1871', '1879', '1967', '1999', '2023', '2052', '2073', '2131', '2138', '2186', '2187', '2193', '2194', '2271', '2291', '2313', '2325', '2374', '2439', '2456', '2490', '2524', '2572', '2587', '2598', '2635', '2642', '2677', '2678', '2680']"
Entertainment,74_beauty pageants beauty_pageants beauty pageants_pageants beauty_beauty pageants,74,Philippine Beauty Pageant & Miss Universe,74,"['8', '18', '85', '180', '203', '237', '298', '367', '424', '457', '479', '518', '554', '575', '747', '762', '931', '1016', '1109', '1144', '1200', '1208', '1322', '1425', '1535', '1566', '1586', '1660', '1671', '1744', '1798', '1833', '1835', '1854', '1881', '1946', '1979', '1998', '2045', '2073', '2230', '2281', '2367', '2452', '2453', '2498', '2515', '2519', '2598', '2661', '2677']"
Entertainment,78_thatd funny_bob mali_dating_conversation,78,Funny Conversations and Socializing ft. Bob Marley,78,"['127', '275', '321', '394', '402', '450', '474', '575', '639', '659', '705', '724', '735', '856', '863', '957', '970', '977', '1043', '1068', '1117', '1156', '1208', '1227', '1236', '1250', '1333', '1362', '1450', '1619', '1632', '1713', '1783', '2000', '2004', '2019', '2073', '2135', '2146', '2229', '2278', '2292', '2340', '2528', '2537', '2611', '2700']"
Entertainment,88_sponsor squarespace_todays sponsor squarespace_blogs galleries_digital nomads,88,Squarespace and Online Content Creation ,88,"['100', '115', '213', '325', '444', '551', '570', '574', '721', '761', '799', '836', '932', '961', '1265', '1381', '1529', '1607', '1775', '1778', '1782', '1791', '1909', '1929', '1968', '2113', '2117', '2133', '2202', '2219', '2226', '2241', '2414', '2487', '2629']"
Entertainment,95_pinay moms blogs_moms blogs_pinay moms_moms,95,Filipino Moms doing a Vlog,95,"['11', '93', '108', '115', '147', '251', '341', '344', '394', '420', '485', '491', '532', '570', '602', '640', '677', '741', '760', '780', '799', '940', '942', '943', '952', '1040', '1058', '1079', '1084', '1114', '1204', '1211', '1287', '1296', '1408', '1508', '1516', '1572', '1683', '1741', '1769', '1814', '1823', '1917', '1964', '1977', '2002', '2070', '2097', '2174', '2286', '2350', '2453', '2457', '2502', '2524', '2554', '2654']"
Entertainment,97_hop_rap_hip hop_fun,97,HipHop and Dancing,97,"['52', '94', '144', '219', '272', '411', '419', '447', '689', '768', '791', '870', '1049', '1206', '1263', '1264', '1347', '1360', '1441', '1589', '1606', '1625', '1635', '1675', '1762', '2040', '2152', '2228', '2280', '2355', '2434', '2516', '2543', '2556', '2567', '2576', '2687']"
Entertainment,104_sing song song_song sing song_song song sing_sing song,104,Singing of Songs,104,"['30', '88', '91', '102', '146', '187', '321', '332', '333', '348', '366', '392', '451', '474', '514', '526', '532', '555', '567', '583', '626', '645', '659', '662', '689', '711', '759', '838', '861', '891', '991', '1029', '1043', '1051', '1059', '1067', '1081', '1169', '1274', '1336', '1386', '1473', '1496', '1671', '1675', '1734', '1742', '1749', '1760', '1791', '1839', '1904', '2114', '2131', '2182', '2237', '2238', '2267', '2302', '2310', '2330', '2331', '2381', '2387', '2471', '2479', '2524', '2583', '2594', '2653', '2676']"
Entertainment,120_winning game_game winning_game win_win game,120,Winning Games and Excitement ,120,"['74', '125', '184', '208', '225', '259', '277', '286', '314', '321', '376', '564', '574', '578', '587', '608', '637', '688', '734', '749', '771', '797', '6', '870', '871', '885', '893', '954', '983', '1035', '1053', '1155', '1172', '1228', '1283', '1309', '1347', '1362', '1386', '1389', '1423', '1449', '1488', '1515', '1621', '1625', '1652', '1688', '1693', '1726', '1759', '1762', '1873', '1906', '1969', '1999', '2046', '2067', '2072', '2090', '2125', '2138', '2141', '2183', '2278', '2289', '2310', '2318', '2333', '2369', '2382', '2394', '2414', '2422', '2446', '2447', '2467', '2542', '2558', '2592', '2615', '2662']"
Culture,1_speak language_language speak_learn language_language english,1,Learning and Speaking Foreign Language,1,"['23', '34', '36', '40', '48', '59', '69', '102', '107', '116', '123', '180', '201', '215', '230', '264', '265', '267', '268', '273', '274', '293', '297', '319', '332', '344', '346', '358', '368', '392', '397', '401', '405', '418', '419', '426', '427', '428', '439', '471', '476', '481', '491', '500', '514', '519', '520', '528', '530', '535', '538', '551', '553', '555', '556', '567', '578', '587', '608', '611', '645', '655', '664', '671', '675', '678', '683', '692', '704', '705', '711', '717', '742', '743', '749', '782', '816', '819', '836', '6', '845', '852', '855', '861', '891', '895', '897', '899', '917', '956', '986', '991', '1011', '1044', '1047', '1054', '1072', '1073', '1081', '1109', '1118', '1143', '1146', '1154', '1169', '1173', '1189', '1198', '1228', '1244', '1246', '1256', '1271', '1272', '1287', '1330', '1353', '1355', '1365', '1366', '1376', '1378', '1387', '1428', '1431', '1433', '1443', '1448', '1461', '1462', '1467', '1473', '1486', '1489', '1502', '1514', '1533', '1538', '1541', '1547', '1561', '1562', '1574', '1576', '1582', '1594', '1603', '1611', '1621', '1628', '1629', '1633', '1658', '1670', '1683', '1686', '1691', '1695', '1704', '1732', '1745', '1747', '1749', '1762', '1792', '1820', '1821', '1827', '1839', '1847', '1851', '1855', '1875', '1881', '1897', '1898', '1899', '1902', '1920', '1931', '1934', '1940', '1941', '1942', '1948', '1963', '1979', '1984', '1986', '1989', '2013', '2021', '2025', '2070', '2098', '2102', '2122', '2128', '2133', '2140', '2147', '2160', '2190', '2234', '2239', '2243', '2262', '2265', '2274', '2285', '2290', '2310', '2315', '2326', '2330', '2335', '2338', '2340', '2343', '2355', '2362', '2363', '2370', '2371', '2381', '2382', '2386', '2391', '2396', '2408', '2420', '2421', '2428', '2439', '2446', '2463', '2477', '2479', '2497', '2498', '2511', '2522', '2543', '2546', '2553', '2570', '2575', '2585', '2586', '2588', '2591', '2592', '2597', '2598', '2639', '2653', '2657', '2692']"
Culture,2_christmas merry christmas_celebrate christmas_christmas christmas christmas_christmas celebrate,2,Christmas Season & Celebration,2,"['5', '19', '23', '32', '35', '44', '47', '50', '51', '61', '63', '88', '89', '101', '129', '134', '138', '139', '149', '168', '200', '218', '223', '227', '233', '237', '254', '258', '267', '270', '277', '292', '296', '306', '324', '357', '368', '369', '377', '389', '399', '404', '425', '427', '446', '471', '478', '497', '529', '531', '535', '552', '557', '568', '593', '597', '601', '620', '632', '638', '646', '650', '657', '658', '662', '677', '694', '729', '774', '777', '804', '817', '847', '850', '873', '879', '905', '926', '955', '959', '973', '985', '999', '1002', '1007', '1012', '1033', '1037', '1051', '1054', '1076', '1086', '1087', '1099', '1102', '1117', '1143', '1155', '1161', '1168', '1171', '1196', '1202', '1217', '1236', '1246', '1257', '1262', '1268', '1272', '1276', '1305', '1319', '1322', '1324', '1350', '1352', '1359', '1369', '1375', '1403', '1432', '1457', '1476', '1485', '1490', '1519', '1523', '1538', '1545', '1559', '1562', '1576', '1584', '1586', '1612', '1613', '1631', '1650', '1697', '1735', '1783', '1793', '1797', '1799', '1817', '1848', '1864', '1875', '1917', '1929', '1992', '2021', '2027', '2061', '2080', '2084', '2102', '2126', '2148', '2156', '2203', '2213', '2215', '2228', '2229', '2249', '2262', '2290', '2326', '2331', '2344', '2359', '2360', '2378', '2379', '2390', '2400', '2402', '2404', '2409', '2424', '2437', '2439', '2493', '2502', '2511', '2522', '2525', '2530', '2538', '2541', '2548', '2551', '2556', '2559', '2560', '2561', '2572', '2598', '2612', '2617', '2669', '2690', '2703']"
Culture,6_species crocodile_crocodiles_crocodile crocodile_crocodile,6,Wildlife Species & Conservation,6,"['86', '108', '227', '237', '243', '255', '285', '317', '318', '320', '383', '387', '437', '439', '499', '549', '570', '671', '693', '740', '840', '864', '1001', '1013', '1061', '1094', '1126', '1165', '1176', '1179', '1186', '1248', '1388', '1438', '1492', '1546', '1617', '1625', '1663', '1674', '1682', '1706', '1798', '1911', '2053', '2108', '2603', '2638', '2640']"
Culture,10_swim whale sharks_whale sharks_swimming whale sharks_whale shark,10,Swimming with Whale Sharks ,10,"['0', '7', '40', '49', '54', '58', '65', '72', '100', '205', '220', '225', '232', '285', '314', '320', '326', '360', '386', '387', '391', '400', '430', '496', '519', '606', '652', '731', '732', '793', '839', '859', '906', '917', '930', '932', '944', '968', '993', '994', '1018', '1026', '1047', '1083', '1094', '1109', '1166', '1176', '1193', '1206', '1212', '1225', '1252', '1267', '1343', '1385', '1388', '1399', '1438', '1493', '1552', '1568', '1591', '1635', '1663', '1680', '1686', '1689', '1700', '1702', '1705', '1708', '1721', '1747', '1828', '1867', '1893', '1930', '1968', '1977', '2010', '2031', '2053', '2054', '2057', '2140', '2223', '2282', '2299', '2336', '2356', '2367', '2382', '2398', '2399', '2402', '2426', '2449', '2473', '2570', '2572', '2574', '2593', '2618', '2632', '2634', '2637', '2666', '2671', '2684']"
Culture,11_negros negros_black accepting black_black experience_black black accepting,11, Black Experiences and Acceptance,11,"['44', '48', '142', '209', '244', '297', '358', '373', '452', '512', '641', '696', '698', '705', '818', '908', '915', '937', '1043', '1090', '1155', '1214', '1236', '1246', '1250', '1286', '1314', '1330', '1376', '1509', '1539', '1591', '1600', '1619', '1641', '1688', '1718', '1753', '1803', '1825', '1889', '1994', '2038', '2128', '2133', '2225', '2274', '2329', '2394', '2432', '2435', '2452', '2475', '2485', '2563', '2579', '2626', '2666', '2675']"
Culture,14_archipelago spanish_spanish colony_spanish empire_spanish colonial,14,Spanish Colonialism in the Philippines,14,"['72', '81', '93', '94', '116', '123', '154', '200', '232', '246', '265', '477', '578', '604', '850', '862', '869', '884', '917', '941', '1135', '1329', '1355', '1366', '1409', '1462', '1467', '1490', '1502', '1541', '1680', '1689', '1691', '1695', '1710', '1741', '1767', '1870', '1900', '1933', '1940', '1979', '2069', '2147', '2178', '2185', '2211', '2247', '2274', '2308', '2383', '2408', '2498', '2554', '2621']"
Culture,16_eagle impressive_eagle eagle_eagle eagle eagle_eagle bald eagle,16,Philippine Monkey Eating Eagle,16,"['21', '22', '86', '176', '288', '320', '332', '386', '520', '605', '662', '731', '740', '746', '770', '793', '1203', '1388', '1490', '1663', '1813', '1966', '1993', '2053', '2476']"
Culture,28_martial arts martial_martial art_kali martial_martial arts,28,Mixed Martial Arts and Fighting ,28,"['48', '60', '133', '232', '273', '413', '449', '477', '542', '545', '723', '855', '981', '983', '1006', '1103', '1108', '1119', '1132', '1163', '1459', '1626', '1786', '1805', '2116', '2130', '2175', '2256', '2269', '2343', '2438', '2506', '2542', '2543', '2630']"
Culture,32_puppies_puppies hope_doggy_stray dogs,32,Stray Dogs and Pet Dogs,32,"['13', '84', '104', '160', '216', '220', '290', '408', '425', '539', '545', '552', '584', '662', '673', '676', '705', '801', '834', '906', '938', '999', '1136', '1155', '1292', '1311', '1359', '1380', '1460', '1466', '1568', '1580', '1641', '1702', '1754', '1856', '1860', '1907', '2006', '2112', '2137', '2159', '2211', '2226', '2308', '2311', '2322', '2411', '2520', '2608', '2665', '2666', '2671']"
Culture,39_discrimination colored_segregation_discrimination_emphasize democratic segregation,39,Racial Discrimination,39,"['47', '171', '180', '265', '312', '350', '394', '451', '656', '700', '776', '806', '841', '1130', '1169', '1314', '1422', '1462', '1669', '1710', '1792', '1809', '1998', '2224', '2260', '2316', '2342', '2447', '2452', '2519', '2527', '2534', '2557', '2675', '2700']"
Culture,41_jew_concentration camp_bosnia_fathers,41,Personal Experiences of War and Persecution,41,"['56', '74', '137', '416', '449', '532', '540', '912', '915', '1057', '1195', '1209', '1512', '1682', '1710', '1984', '2010', '2178', '2240', '2280', '2344', '2548', '2585', '2663']"
Culture,46_flag flag_flag_flag secret national_flag flag flag,46,National Flag,46,"['94', '200', '356', '373', '500', '599', '603', '630', '728', '902', '934', '1133', '1154', '1341', '1387', '1462', '1502', '1589', '1695', '1744', '1800', '1979', '2050', '2096', '2257', '2304', '2398', '2498', '2563', '2698']"
Culture,49_bibingga bibingga bibingga_bibingga bibingga_bibingga_bisaya,49,"Bibingka, Bisaya Language, and Personal Anecdotes ",49,"['161', '167', '173', '207', '244', '480', '496', '498', '518', '557', '589', '671', '749', '812', '927', '928', '940', '1065', '1074', '1099', '1126', '1151', '1167', '1183', '1260', '1386', '1397', '1519', '1574', '1629', '1949', '1954', '2040', '2065', '2091', '2110', '2144', '2200', '2240', '2265', '2313', '2352', '2432', '2435', '2444', '2468', '2542', '2701']"
Culture,50_lgbtqia community_lgbt community_lgbtq community_gays lesbians,50,LGBTQIA Community,50,"['30', '37', '58', '135', '209', '535', '555', '564', '578', '593', '654', '686', '724', '743', '756', '776', '780', '865', '1060', '1112', '1114', '1141', '1496', '1503', '1563', '1660', '1662', '1773', '1821', '2051', '2141', '2144', '2238', '2393', '2402', '2491']"
Culture,51_maya pahit empire_archipelago_pahit empire_empire empire,51,Historical States of the Southeast Asian Archipelago,51,"['81', '93', '233', '486', '818', '840', '862', '917', '1152', '1355', '1366', '1368', '1373', '1409', '1509', '1533', '1691', '1695', '1831', '1870', '1940', '2069', '2119', '2211', '2399', '2486', '2554']"
Culture,53_war cuba_called cuba rising_war spain_rising spain,53,War & Conflict in Cuba & Spain,53,"['18', '36', '74', '93', '245', '389', '448', '664', '707', '787', '828', '840', '862', '1032', '1246', '1368', '1373', '1716', '1870', '1933', '2008', '2242', '2586']"
Culture,67_learning_learn_teacher_teachers,67,Language Education and Learning Experiences,67,"['84', '91', '135', '208', '249', '261', '307', '315', '480', '828', '1015', '1060', '1087', '1292', '1468', '1511', '1745', '1880', '1906', '1914', '2038', '2061', '2126', '2264', '2339', '2369', '2436', '2467', '2544', '2687']"
Culture,69_sport_athletes_badminton_tennis,69,Athletes Playing Racket Sports,69,"['56', '86', '146', '244', '319', '400', '413', '491', '611', '643', '921', '1053', '1058', '1119', '1131', '1464', '1500', '1643', '1666', '1810', '1908', '1955', '2039', '2181', '2230', '2247', '2256', '2259', '2414', '2649']"
Culture,70_tamaraw dwarf buffalo_dwarf buffalo stocky_dwarf buffalo_horns buffalo,70,Physical Characteristics of the Tamaraw Dwarf Buffalo,70,"['40', '86', '244', '285', '320', '369', '503', '576', '1026', '1071', '1130', '1194', '1196', '1333', '1388', '1477', '1503', '1585', '1641', '1663', '1966', '2046', '2053', '2226', '2292', '2299', '2384', '2591', '2597']"
Culture,80_married filipina_married_wedding rings_shocked elderly,80,Filipino Marriage Tradition,80,"['55', '74', '83', '264', '297', '394', '675', '683', '710', '899', '951', '1057', '1102', '1382', '1391', '1485', '1625', '1640', '1764', '1800', '1859', '2041', '2083', '2087', '2113', '2193', '2234', '2243', '2393', '2411', '2462', '2491', '2528', '2571', '2679', '2682']"
Culture,85_university campus_campus_universities_campus university,85,University and Campuses,85,"['27', '36', '74', '126', '317', '332', '425', '429', '893', '933', '1059', '1108', '1121', '1198', '1214', '1253', '1333', '1336', '1423', '1542', '1613', '1689', '1776', '1966', '1979', '2011', '2124', '2188', '2236', '2304', '2338', '2411', '2440', '2475', '2522', '2570', '2588']"
Culture,87_rebellion conspired spanish_invaded hawaii war_invaded hawaii_territories,87,American Invasion of Hawaii Region and Historical Conflicts,87,"['93', '181', '424', '475', '656', '719', '862', '1041', '1135', '1327', '1368', '1389', '1710', '1771', '1870', '2069', '2135', '2309', '2580']"
Culture,96_rat_female rat_cat_cats,96,Cats & Rats,96,"['7', '31', '57', '124', '256', '584', '660', '733', '825', '899', '904', '971', '999', '1011', '1066', '1155', '1354', '1717', '1781', '1894', '2079', '2137', '2193', '2337', '2470', '2525']"
Culture,99_cow cow_cow_kick cow_cow kick,99,Cow & Farm Life,99,"['239', '290', '352', '406', '423', '458', '543', '622', '671', '731', '780', '835', '855', '901', '985', '1053', '1094', '1164', '1200', '1216', '1262', '1346', '1380', '1413', '1419', '1534', '1544', '1545', '1578', '1613', '1720', '1932', '2002', '2050', '2094', '2141', '2213', '2228', '2258', '2388', '2392', '2486', '2500', '2508', '2510', '2628', '2661', '2690']"
Culture,111_variations urban legend_urban legend_urban legend pattern_legend pattern doctor,111,Urban Legends and its Variations,111,"['36', '52', '94', '95', '165', '207', '374', '480', '533', '549', '798', '884', '896', '899', '922', '995', '1065', '1069', '1104', '1155', '1220', '1287', '1335', '1380', '1384', '1617', '1714', '1826', '2099', '2141', '2210', '2212', '2239', '2454', '2457', '2493', '2632', '2680']"
Culture,117_ipakita akong imong_ipakita akong_akong imong telepono_imong telepono ipakita,117,Filipino Phrases,117,"['18', '29', '84', '148', '282', '353', '407', '494', '533', '541', '628', '684', '720', '749', '859', '863', '873', '874', '882', '915', '1011', '1288', '1369', '1376', '1392', '1463', '1496', '1510', '1589', '1628', '1726', '1786', '1803', '1869', '1990', '2033', '2059', '2090', '2125', '2151', '2174', '2235', '2240', '2354', '2531', '2589', '2593', '2687']"
Lifestyle,5_haircut barber_haircuts_haircut_haircut haircut,5,Barber Services,5,"['20', '42', '59', '76', '140', '146', '285', '289', '306', '335', '399', '422', '427', '445', '509', '526', '528', '548', '551', '558', '626', '674', '688', '700', '723', '746', '768', '801', '890', '901', '929', '980', '1007', '1107', '1134', '1173', '1218', '1271', '1277', '1290', '1353', '1369', '1383', '1403', '1426', '1460', '1496', '1506', '1520', '1537', '1555', '1581', '1603', '1612', '1618', '1644', '1656', '1705', '1741', '1791', '1806', '1849', '1867', '1879', '1921', '1923', '1927', '1938', '1971', '1980', '2017', '2068', '2069', '2104', '2128', '2162', '2188', '2213', '2219', '2267', '2283', '2290', '2338', '2448', '2458', '2459', '2495', '2533', '2608', '2646', '2650', '2688', '2703']"
Lifestyle,7_wear makeup_makeup_lipstick_makeup makeup,7,Makeup Products and Application,7,"['18', '19', '46', '48', '92', '162', '189', '199', '231', '244', '256', '385', '404', '452', '501', '528', '554', '557', '573', '641', '706', '714', '745', '752', '762', '775', '796', '799', '901', '925', '944', '952', '970', '985', '1016', '1036', '1097', '1161', '1194', '1197', '1202', '1207', '1218', '1230', '1239', '1249', '1325', '1328', '1371', '1402', '1423', '1526', '1531', '1559', '1576', '1596', '1599', '1634', '1643', '1660', '1667', '1674', '1767', '1768', '1858', '1859', '1871', '1923', '2044', '2045', '2068', '2072', '2074', '2146', '2198', '2231', '2237', '2285', '2329', '2338', '2349', '2371', '2382', '2444', '2454', '2467', '2492', '2514', '2566', '2571', '2573', '2630', '2636', '2651', '2689']"
Lifestyle,8_dated_dating_students_girls,8,Philippines’ Dating & Relationship of Females,8,"['30', '59', '84', '88', '117', '119', '132', '133', '166', '174', '185', '230', '272', '276', '295', '297', '338', '353', '361', '366', '433', '434', '444', '480', '511', '532', '555', '563', '619', '624', '675', '699', '760', '765', '782', '915', '935', '951', '960', '976', '1014', '1017', '1018', '1040', '1048', '1074', '1099', '1105', '1108', '1138', '1139', '1169', '1170', '1273', '1274', '1279', '1376', '1391', '1451', '1456', '1511', '1516', '1593', '1626', '1634', '1636', '1671', '1692', '1716', '1747', '1828', '1835', '1903', '1904', '1957', '1981', '2004', '2020', '2031', '2040', '2065', '2111', '2124', '2138', '2159', '2240', '2290', '2310', '2334', '2388', '2467', '2476', '2477', '2522', '2579', '2607', '2623', '2670']"
Lifestyle,12_drinkers_drinker_drinking etiquette_drinking,12,Drinking Culture & Practices,12,"['31', '122', '172', '263', '387', '395', '411', '521', '551', '552', '555', '676', '776', '897', '924', '928', '1025', '1057', '1152', '1222', '1327', '1356', '1403', '1489', '1590', '1682', '1684', '1735', '1824', '1849', '1850', '1959', '2091', '2122', '2197', '2247', '2384', '2420', '2500', '2505', '2615', '2658']"
Lifestyle,17_filipinawives_filipina couples_filipina_tourist visas,17,Filipino Partner & Tourist Visas,17,"['42', '121', '143', '180', '344', '349', '359', '411', '508', '533', '586', '587', '664', '703', '706', '888', '1011', '1025', '1038', '1167', '1174', '1195', '1236', '1248', '1252', '1304', '1478', '1655', '1746', '1760', '1837', '1882', '1977', '1982', '2009', '2065', '2093', '2128', '2224', '2309', '2413', '2533', '2595', '2618', '2631', '2690', '2694']"
Lifestyle,29_doctor doctor doctor_doctor_doctor doctor_vincent hospital,29,Medical Diagnostics & Hospital Services ,29,"['113', '133', '140', '207', '216', '249', '264', '366', '406', '436', '534', '606', '647', '681', '688', '768', '877', '933', '947', '957', '965', '970', '1083', '1139', '1271', '1301', '1312', '1350', '1397', '1517', '1631', '1647', '1660', '1803', '1825', '1915', '1933', '1957', '2009', '2085', '2119', '2144', '2271', '2354', '2393', '2403', '2411', '2427', '2586', '2668', '2679']"
Lifestyle,35_expensive wedding gowns_wedding gowns famous_gown priced_wedding gowns,35,Famous and Expensive Wedding Gowns,35,"['74', '138', '278', '404', '406', '473', '479', '522', '600', '739', '885', '910', '980', '1150', '1447', '1628', '1753', '2170', '2243', '2250', '2504', '2700', '2701']"
Lifestyle,44_dating_relationship_started chatting_online dating,44,Dating & Relationships Setup,44,"['100', '233', '297', '311', '325', '338', '398', '439', '491', '795', '856', '869', '993', '1015', '1074', '1102', '1209', '1255', '1312', '1321', '1375', '1518', '1574', '1616', '1643', '1713', '1720', '1885', '2004', '2091', '2110', '2193', '2249', '2340', '2355', '2511', '2528', '2578', '2679']"
Lifestyle,48_friends heart_heart friends heart_friends heart friends_heart friends,48,Friendships,48,"['74', '178', '212', '216', '315', '394', '444', '645', '659', '685', '745', '783', '865', '900', '910', '1002', '1150', '1236', '1336', '1483', '1503', '1536', '1621', '1639', '1676', '1700', '1821', '1906', '1929', '1931', '2074', '2090', '2172', '2182', '2206', '2208', '2227', '2240', '2251', '2310', '2345', '2357', '2479', '2511', '2513', '2524', '2622']"
Lifestyle,57_casano_philippino husband_marriage_pass marriage,57,Filipino Marriage,57,"['138', '233', '246', '299', '394', '448', '480', '647', '717', '878', '965', '977', '1042', '1133', '1311', '1338', '1424', '1584', '1753', '1859', '1917', '1950', '1988', '2012', '2087', '2125', '2203', '2227', '2240', '2450', '2499', '2578']"
Lifestyle,68_kid kid kid_kid kid_anak_kid,68,Children's Lives and Relationships ,68,"['95', '113', '252', '255', '352', '484', '493', '523', '526', '587', '723', '746', '759', '935', '976', '999', '1027', '1100', '1117', '1137', '1146', '1216', '1239', '1242', '1311', '1320', '1326', '1414', '1510', '1521', '1528', '1553', '1654', '1710', '2004', '2031', '2036', '2066', '2119', '2150', '2182', '2203', '2256', '2267', '2271', '2316', '2502', '2577']"
Lifestyle,79_aunt girl_akong telepono charge_pwede icharge_icharge akong telepono,79,Kids Asking Aunt to Charge Phone,79,"['133', '219', '749', '965', '1084', '1101', '1126', '1138', '1186', '1210', '1236', '1256', '1403', '1522', '1631', '1749', '2016', '2038', '2059', '2138', '2358', '2362', '2528', '2581', '2625']"
Lifestyle,82_skin color_beauty_color_skin,82,Skin Color & Beauty,82,"['8', '105', '224', '411', '517', '630', '640', '1096', '1144', '1185', '1208', '1291', '1313', '1615', '1722', '1742', '1760', '1767', '1789', '1863', '1899', '1975', '2139', '2231', '2238', '2272', '2294', '2387', '2424', '2430', '2460', '2519', '2648']"
Lifestyle,83_conduit_tiles_shovel_balic,83,Building Materials and Tools for Construction,83,"['114', '238', '270', '281', '340', '545', '564', '750', '794', '798', '869', '877', '966', '999', '1010', '1054', '1181', '1202', '1234', '1526', '1547', '1558', '1764', '1772', '1809', '1832', '1907', '1915', '1921', '1945', '1956', '1983', '2036', '2118', '2195', '2347', '2354', '2398', '2420', '2428', '2507', '2523', '2545', '2560', '2647', '2681', '2686']"
Lifestyle,86_filipina_christian filipina_davao loving_happy,86,Characteristics of Filipinas from Davao,86,"['9', '22', '91', '246', '329', '337', '364', '457', '491', '742', '827', '855', '878', '896', '901', '1026', '1159', '1161', '1229', '1312', '1321', '1396', '1399', '1441', '1496', '1676', '1701', '1710', '1759', '1800', '1832', '1881', '1903', '1910', '1931', '1954', '1987', '2106', '2188', '2199', '2357', '2386', '2395', '2481', '2505', '2519', '2530', '2547', '2584', '2587']"
Lifestyle,94_friends attractive attractive_friends attractive_romantic_attractive attractive,94,Friendly and Romantic Relationships ,94,"['4', '33', '79', '92', '230', '295', '303', '576', '686', '765', '915', '933', '985', '1103', '1128', '1150', '1357', '1412', '1603', '1631', '1794', '1889', '1956', '1957', '1986', '2031', '2038', '2110', '2212', '2352', '2471', '2519', '2694']"
Lifestyle,98_batou batou batou_batou batou_sang miguel_family gossiping,98,"Activities and Discussions in Morong, Bataan ",98,"['8', '15', '37', '222', '233', '279', '336', '403', '435', '489', '579', '612', '614', '616', '658', '681', '712', '723', '799', '867', '873', '901', '915', '999', '1057', '1060', '1210', '1265', '1315', '1351', '1396', '1403', '1424', '1465', '1471', '1496', '1539', '1574', '1620', '1660', '1729', '1791', '1829', '1950', '1964', '1973', '1999', '2026', '2059', '2138', '2190', '2386', '2467', '2477', '2493', '2496', '2504', '2543']"
Lifestyle,101_koreans bars_mindanao_koreans_cagayan dora,101,Korean Presence and Community in Mindanao,101,"['82', '207', '258', '275', '417', '450', '689', '748', '1043', '1162', '1226', '1239', '1261', '1299', '1516', '1544', '1553', '1659', '1788', '1854', '1931', '1933', '2004', '2009', '2106', '2163', '2247', '2344', '2448', '2490', '2535', '2571', '2590']"
Lifestyle,102_friends issues_relationships_friends_drunk jinny,102,Friendships,102,"['50', '76', '88', '164', '188', '272', '315', '438', '484', '494', '579', '827', '876', '911', '933', '948', '1073', '1077', '1139', '1271', '1302', '1312', '1365', '1369', '1389', '1465', '1631', '1632', '1679', '1684', '1745', '1753', '1844', '1846', '1871', '1903', '2050', '2090', '2187', '2267', '2293', '2311', '2363', '2407', '2447', '2477', '2505', '2564', '2572', '2649', '2673']"
Lifestyle,113_supercar_supercars_bgc supercar_uhoh,113,Luxury Cars in BGC,113,"['227', '304', '381', '407', '502', '552', '571', '704', '710', '713', '738', '928', '966', '1067', '1084', '1099', '1112', '1190', '1260', '1280', '1302', '1320', '1365', '1391', '1396', '1550', '1625', '1648', '1683', '1735', '1821', '1855', '1873', '1932', '1991', '2055', '2101', '2220', '2350', '2361', '2392', '2444', '2470', '2474', '2494', '2565', '2675', '2685']"
Lifestyle,118_pondi_happy baby_ready_happy,118,Mommy and Baby's Morning Events ,118,"['27', '44', '76', '162', '244', '256', '268', '284', '306', '326', '334', '356', '415', '496', '511', '526', '599', '612', '627', '636', '663', '666', '670', '731', '812', '898', '899', '929', '1076', '1100', '1101', '1111', '1172', '1236', '1264', '1364', '1461', '1510', '1526', '1566', '1657', '1675', '1706', '1738', '1784', '1846', '1852', '1891', '1907', '1923', '2071', '2114', '2200', '2235', '2252', '2293', '2409', '2522', '2527', '2565', '2569', '2599', '2655']"
Others,23_winter summer cold_summer cold_winter_cold cold,23,Seasons and Weather ,23,"['48', '74', '125', '176', '180', '268', '298', '394', '400', '427', '451', '503', '506', '533', '638', '657', '713', '717', '728', '741', '772', '780', '781', '899', '988', '1109', '1129', '1144', '1149', '1162', '1170', '1210', '1244', '1260', '1269', '1285', '1291', '1357', '1376', '1433', '1439', '1440', '1482', '1615', '1641', '1651', '1660', '1665', '1742', '1752', '1803', '1830', '1843', '1861', '1864', '2006', '2072', '2155', '2258', '2261', '2294', '2295', '2395', '2439', '2449', '2458', '2467', '2565', '2567', '2583', '2598', '2644']"
Others,27_watching leave loved_listen listen listen_listen listen_listen,27,Listening & Watching Loved Ones Depart,27,"['9', '39', '84', '187', '299', '343', '394', '398', '564', '571', '578', '615', '671', '722', '771', '861', '908', '915', '1023', '1042', '1057', '1150', '1152', '1263', '1322', '1327', '1393', '1396', '1457', '1507', '1537', '1600', '1614', '1616', '1626', '1629', '1666', '1740', '1741', '1773', '1886', '1924', '1931', '2179', '2182', '2183', '2216', '2247', '2321', '2451', '2535', '2615', '2636', '2685']"
Others,31_environment typhoon_typhoon_storm typhoon_hurricane,31,Severe Weather & Life in Storm-Prone Regions ,31,"['265', '291', '347', '450', '527', '693', '710', '718', '785', '794', '854', '966', '972', '1023', '1082', '1089', '1124', '1133', '1156', '1278', '1327', '1357', '1396', '1405', '1522', '1646', '1647', '1667', '1684', '1843', '1940', '1943', '1976', '2360', '2374', '2388', '2531', '2592', '2636', '2695']"
Others,36_officer meijii yoshimi_meijii yoshimi_meijii yoshimi tenoguchi_yoshimi tenoguchi,36,Officer Meijii Yoshimi and the Onoda Incident,36,"['9', '18', '90', '206', '280', '290', '575', '607', '679', '686', '717', '724', '762', '796', '864', '998', '1105', '1224', '1339', '1634', '1759', '1844', '1908', '1925', '1988', '1993', '2100', '2267', '2345', '2427', '2470', '2509', '2558', '2654']"
Others,45_virtual private network_private network_public wifi_virtual private,45,Virtual Private Networks (VPNs) and Online Security,45,"['56', '122', '131', '212', '342', '389', '465', '489', '552', '591', '597', '676', '770', '785', '865', '935', '936', '953', '1093', '1114', '1169', '1275', '1279', '1372', '1381', '1475', '1624', '1631', '1668', '1775', '2007', '2018', '2023', '2058', '2090', '2102', '2264', '2354', '2359', '2443', '2448', '2518', '2527', '2603']"
Others,56_school pula_school class_walampa sok school_school school,56,Suspension of Classes in Schools,56,"['9', '26', '59', '193', '476', '530', '577', '624', '935', '950', '1073', '1155', '1168', '1318', '1396', '1465', '1511', '1631', '1651', '1706', '1726', '1903', '2059', '2083', '2093', '2094', '2206', '2212', '2257', '2290', '2467', '2525', '2543', '2642']"
Others,59_rainy season_rainy_windy_rained,59,Rainy Season,59,"['0', '7', '27', '54', '62', '83', '107', '114', '222', '275', '281', '284', '317', '326', '450', '516', '546', '549', '551', '583', '658', '669', '695', '704', '723', '733', '748', '798', '825', '836', '838', '902', '943', '945', '959', '967', '972', '1082', '1166', '1171', '1172', '1177', '1226', '1335', '1346', '1374', '1400', '1403', '1417', '1438', '1528', '1543', '1558', '1646', '1669', '1766', '1775', '1829', '1955', '1976', '2000', '2021', '2049', '2079', '2084', '2094', '2126', '2132', '2154', '2183', '2192', '2213', '2226', '2242', '2247', '2282', '2301', '2341', '2448', '2461', '2517', '2527', '2597']"
Others,71_dog losin losin_losin losin losin_losin losin_dog losin,71,Dog Losing / Being Lost,71,"['20', '108', '136', '191', '222', '360', '363', '427', '630', '689', '735', '780', '856', '865', '890', '899', '1034', '1077', '1096', '1099', '1238', '1320', '1358', '1435', '1674', '1972', '2006', '2077', '2258', '2392', '2424', '2446', '2477', '2515', '2618', '2621']"
Others,84_bop bop bop_bop bop_parangai parangai parangai_bop,84,Unclear Repeated Terms,84,"['15', '27', '302', '346', '471', '706', '731', '927', '983', '1109', '1148', '1155', '1298', '1335', '1364', '1419', '1565', '1658', '1660', '1731', '1883', '1894', '2027', '2087', '2088', '2182', '2212', '2391', '2615']"
Others,100_bakaero bakaero bakaero_bakaero bakaero_bakaero_wee,100,Unclear Repeated Terms,100,"['46', '292', '306', '670', '703', '726', '773', '786', '880', '1064', '1077', '1083', '1090', '1207', '1279', '1300', '1351', '1353', '1392', '1459', '1581', '1641', '1644', '1717', '1784', '1848', '1853', '1856', '2193', '2245', '2263', '2277', '2403', '2410', '2429', '2465', '2694']"
Others,103_yums_cacao_wong_dangerous amazon jungle,103,"Mixture of Subjects: Jungle, Food, and Pop Culture ",103,"['46', '155', '226', '298', '302', '333', '365', '459', '460', '513', '524', '590', '593', '622', '715', '731', '744', '772', '809', '849', '1039', '1073', '1084', '1211', '1226', '1236', '1320', '1348', '1371', '1373', '1381', '1506', '1587', '1689', '1693', '1723', '1739', '1868', '1959', '1973', '1981', '1988', '2014', '2039', '2042', '2047', '2071', '2158', '2180', '2347', '2352', '2388', '2414', '2419', '2527', '2632']"
Others,105_dig_procure_brother jay_jay jay jay,105,Unclear Repeated Terms,105,"['26', '54', '71', '166', '275', '284', '334', '356', '458', '545', '594', '642', '774', '947', '1023', '1093', '1196', '1236', '1237', '1324', '1345', '1364', '1394', '1450', '1481', '1577', '1585', '1618', '1764', '1772', '1809', '1860', '1873', '1888', '1907', '1935', '1964', '2135', '2154', '2195', '2297', '2322', '2332', '2454', '2462', '2545', '2568', '2603', '2681', '2686']"
Others,107_bano guilla bano_sila_guilla bano guilla_guilla bano,107,Unclear Repeated Terms,107,"['68', '87', '98', '155', '162', '177', '248', '303', '787', '1079', '1136', '1145', '1226', '1231', '1245', '1305', '1317', '1495', '1528', '1566', '1567', '1659', '2004', '2009', '2135', '2145', '2344', '2388', '2490', '2525', '2591']"
Others,114_circle circle circle_hobbit house_circle hall_hall circle,114,"Specific Venues: Circle Hall, Hobbit House, and Themed Spots ",114,"['33', '117', '221', '237', '311', '342', '385', '388', '414', '474', '543', '578', '650', '666', '677', '703', '753', '758', '838', '860', '865', '939', '1121', '1159', '1173', '1246', '1302', '1318', '1335', '1476', '1543', '1545', '1616', '1665', '1702', '1798', '1834', '1835', '1921', '1957', '1976', '2056', '2125', '2138', '2262', '2376', '2392', '2396', '2527', '2537', '2597']"
Others,"-1_kuzon kuzon hilindiasstly, kuzon",-1,Outliers,-1,"['178', '358', '495', '685', '704', '822', '895', '929', '935', '1166', '1223', '1274', '1324', '1332', '1549', '1642', '1810', '2270', '2501']"
