Id,Level,Texts,General Category,Specific Category,Conceptual Relation,Philippine Context
Z41,1,peso restaurant shop drink huge blue dollar,,,2,2
Z34,2,peso dollar cheap peso-peso expensive price wall,,,4,3
Z211,3,peso dollar cheap peso-peso expensive price cheaper,,,5,3
Z156,4,expensive price option,,,4,1
Z155,4,pay peso,,,5,4
Z154,4,dollar cheap peso-peso cheaper rent buck total,,,4,3
Z212,3,wall property roof hole water-water build concrete,,,5,1
Z157,4,hole water-water tank careful baby care mommy,,,1,1
Z158,4,wall property roof build retire concrete bedroom,,,4,1
Z35,2,spanish language english history speak influence spain,,,5,4
Z213,3,spanish history influence spain religion fort church,,,5,5
Z160,4,spanish history fort magellan european king,,,5,5
Z159,4,influence spain religion church christian muslim,,,5,5
Z214,3,language english speak tagalog english-english language-language learn,,,5,5
Z162,4,speak language-language english-english,,,5,4
Z161,4,language english tagalog learn latin,,,5,4
Z31,2,huge foot camera meter mountain private province,,,2,2
Z21,3,huge foot meter mountain private unique tree,,,2,1
Z18,4,foot size leg,,,5,1
Z115,4,plant special design salad healthy summer flower,,,3,1
Z114,4,kilometer square speed,,,5,1
Z110,4,clean clothes short dirty wash imagine tall,,,2,1
Z113,4,bed shower bathroom,,,5,1
Z15,4,mountain tree forest bamboo grass wood snake,,,5,2
Z12,4,private biggest wave jungle,,,2,3
Z112,4,finish stick dry,,,3,1
Z111,4,bag shoe board morning-morning sleep,,,2,1
Z16,4,animal cow pack eagle,,,4,2
Z14,4,unique popular volcano,,,4,4
Z17,4,meter ground deep slow trouble,,,2,1
Z19,4,paradise tropical palm,,,5,4
Z11,4,huge bigger entire ton american,,,3,1
Z13,4,largest world,,,5,1
Z22,3,camera province security market season rainy guard,,,2,2
Z118,4,feed figure step pas paper pressure write,,,2,1
Z121,4,easier tip luke,,,1,1
Z119,4,account bank medium poverty,,,3,2
Z128,4,province simple update,,,3,3
Z124,4,station train gas,,,5,1
Z129,4,pinoy pinoy-planet,,,5,5
Z127,4,season rainy,,,5,4
Z130,4,door neighbor late father neighborhood sister angry,,,3,1
Z125,4,security guard,,,5,2
Z122,4,art museum activity practice san,,,3,2
Z120,4,party comfort aware singapore pandemic mother magic,,,1,3
Z116,4,fit offer shirt fake shoot hat raw,,,2,1
Z123,4,dance dancing festival,,,5,3
Z117,4,film camera,,,5,1
Z126,4,market street-street chinatown,,,5,4
Z32,2,blue white sky color cloud actual brown,,,4,1
Z26,3,school student college university teacher study campus,,,5,1
Z139,4,school university teacher study campus,,,5,1
Z140,4,student college senior,,,5,1
Z24,3,blue sky cloud photo bridge hang trash,,,2,1
Z135,4,sky photo bridge hang trash garbage jay,,,2,1
Z134,4,blue cloud,,,5,1
Z27,3,christmas christmas-christmas merry-christmas september celebration memory,,,5,5
Z141,4,christmas-christmas september celebration memory,,,5,5
Z142,4,merry-christmas christmas,,,5,3
Z23,3,white color actual brown black orange strong,,,3,1
Z133,4,actual warm famous brand layer version bubble,,,1,1
Z132,4,white brown black heat,,,3,1
Z131,4,color strong orange,,,5,1
Z25,3,relationship filipina girlfriend marry boyfriend marriage wedding,,,5,5
Z138,4,marry marriage wedding happy-happy cry,,,4,2
Z136,4,boyfriend girlfriend,,,5,1
Z137,4,relationship filipina,,,5,5
Z33,2,restaurant drink shop store fish cold lunch,,,3,1
Z29,3,drink coffee beer tea bottle drinking alcohol,,,5,3
Z149,4,drink drinking,,,5,1
Z151,4,coffee tea cafe,,,5,1
Z150,4,beer bottle alcohol san-miguel,,,5,5
Z210,3,shop store shopping grocery shopping-mall supermarket,,,5,2
Z153,4,store shop,,,5,1
Z152,4,shopping grocery shopping-mall supermarket,,,5,2
Z28,3,restaurant fish cold lunch quick hungry menu,,,4,1
Z144,4,quick grab massive seat extra wet straight,,,1,1
Z148,4,seafood shrimp,,,5,2
Z147,4,fish-fish fish,,,5,2
Z146,4,lunch dinner kayak,,,2,1
Z145,4,restaurant menu,,,5,1
Z143,4,cold hungry ice,,,3,1
Z43,1,friendly impression meet bgc plan cebu driver,,,3,5
Z39,2,city service western public major issue card,,,2,1
Z223,3,city western public major business transportation capital,,,4,2
Z190,4,western business west opinion,,,3,1
Z192,4,transportation public,,,5,2
Z189,4,major difference expat common average cost control,,,3,2
Z191,4,city capital modern,,,5,2
Z222,3,service issue card deal mind passport visa,,,2,3
Z186,4,card cash phone,,,5,1
Z188,4,service customer,,,5,1
Z184,4,mind negative,,,5,1
Z185,4,visa passport document,,,5,4
Z187,4,holiday vacation december dead loud dog santa,,,1,1
Z183,4,issue deal,,,5,1
Z38,2,friendly impression meet bgc plan cebu driver,,,3,5
Z220,3,bgc mall manila-manila building metro-manila makati makatus,,,5,5
Z176,4,bgc mall building makatus,,,5,5
Z177,4,mall-mall apartment condo venice light screen italy,,,3,3
Z175,4,manila-manila metro-manila makati global,,,5,5
Z221,3,cebu nido quiet boracay south coron map,,,4,5
Z180,4,quiet map peaceful,,,4,1
Z182,4,mindanao davao timber house-house,,,4,5
Z181,4,south east north,,,5,1
Z179,4,cebu whale-shark lechon,,,5,5
Z178,4,nido boracay coron,,,5,5
Z219,3,friendly impression meet plan driver safe stay,,,3,2
Z174,4,driver journey jeepney,,,5,5
Z173,4,meet meeting,,,5,1
Z171,4,friendly impression honest,,,5,1
Z172,4,plan safe stay leave company,,,3,1
Z46,1,true sense game job level woman war,,,1,1
Z315,2,job war government nation power population opportunity,,,3,1
Z236,3,war government nation population president military national,,,5,1
Z1135,4,rule government,,,5,1
Z1132,4,battle fight soldier army training enemy,,,5,1
Z1133,4,president military law force territory,,,5,1
Z1136,4,national community social flag term positive mexican,,,2,1
Z1134,4,war nation population economy,,,5,1
Z237,3,doctor nurse wild tough brother hospital model,,,2,1
Z1146,4,coral turtle queue lovely coffee-coffee sardine,,,2,3
Z1140,4,tough perspective drunk flow queen native australian,,,1,1
Z1143,4,kid-kid car-car excite hug toy mask tshirt,,,3,2
Z1138,4,doctor hospital health,,,5,1
Z1152,4,package megabit request patient sisig flip farm,,,1,4
Z1139,4,model celebrity actor movie,,,5,1
Z1144,4,pipe jazz truck,,,1,1
Z1147,4,vanilla coke float sunny direction scared,,,2,1
Z1151,4,solid classic usa treat,,,3,1
Z1141,4,original japanese commercial rap stupid shake turkey,,,1,1
Z1137,4,nurse universe medical pacquiao manny,,,4,5
Z1149,4,pinay husband blog,,,4,5
Z1145,4,mark daniel snow,,,1,1
Z1142,4,brother haircut barber,,,5,1
Z1148,4,wild monkey crocodile track,,,4,3
Z1150,4,happy-birthday birthday,,,5,1
Z235,3,job power opportunity position project attack arm,,,2,1
Z1128,4,opportunity project purpose george decent jersey solar,,,1,1
Z1131,4,key player female mistake pair daddy tire,,,1,1
Z1130,4,power attack powerful giant,,,5,1
Z1129,4,job position arm worker,,,4,1
Z316,2,true sense game level woman story play,,,2,1
Z238,3,game play fair incredible close natural environment,,,2,1
Z1160,4,incredible unbelievable,,,5,1
Z1157,4,environment difficult specific mate brain book class,,,1,1
Z1154,4,basketball sport court,,,5,3
Z1153,4,game play,,,5,1
Z1155,4,fan win hop gorgeous kick fine beat,,,2,1
Z1158,4,stand energy stage safety percent professional michael,,,2,1
Z1162,4,close natural eye nature product diverse makeup,,,2,1
Z1159,4,correct mad london tag note challenge dress,,,1,1
Z1156,4,fair impressive instagram crowd clip bloody winner,,,3,2
Z1161,4,normal proper standard gentleman stair block construction,,,2,1
Z240,3,woman single conversation asian beauty comfortable personal,,,4,3
Z1178,4,beauty attractive girl-girl,,,5,1
Z1179,4,woman single asian,,,5,3
Z1180,4,conversation comfortable personal phrase reality,,,4,1
Z239,3,true sense level story funny wrong heart,,,2,1
Z1174,4,dangerous scary,,,5,1
Z1168,4,touch familiar final grand surprising international terrible,,,1,1
Z1169,4,cultural contact intense host partner bird crab,,,2,2
Z1163,4,story human earth,,,4,1
Z1167,4,sense level heart,,,3,1
Z1176,4,listen star sing-song,,,4,2
Z1166,4,true wrong lucky,,,4,1
Z1175,4,karaoke machine,,,5,5
Z1165,4,support race poor attention peace smart scene,,,1,1
Z1173,4,hill breath chocolate-hill,,,4,5
Z1171,4,picture funny,,,5,1
Z1172,4,hand finger,,,5,1
Z1177,4,stomach duck wing kwek,,,3,5
Z1164,4,character complete legend knee mission vehicle creature,,,1,1
Z1170,4,holy spirit cross jesus tradition lord,,,5,3
Z42,1,song singer vocal singing latino feature-feature podcast,,,4,2
Z37,2,vocal latino feature-feature podcast opm lyric viral,,,4,4
Z218,3,vocal opm coach review,,,4,5
Z169,4,opm review,,,5,5
Z170,4,vocal coach,,,5,1
Z217,3,latino feature-feature podcast lyric viral freak feature,,,3,2
Z167,4,feature-feature podcast feature,,,5,1
Z168,4,latino lyric viral freak performance tiktok,,,4,2
Z36,2,song singer singing sing voice song-song artist,,,5,1
Z216,3,artist sound talent band concert industry studio,,,5,1
Z165,4,artist sound concert studio technique skill,,,5,1
Z166,4,talent band industry competition pop,,,5,1
Z215,3,song singer singing sing voice song-song,,,5,1
Z164,4,song singer song-song,,,5,1
Z163,4,singing sing voice,,,5,1
Z45,1,sauce delicious spicy pork meat crispy smell,,,5,3
Z314,2,delicious smell bite sour tasty ingredient juice,,,5,2
Z233,3,juice mango fruit lemon vegetable banana potato,,,5,3
Z1124,4,mango lemon banana potato sandwich yum lime,,,2,3
Z1123,4,vegetable fruit,,,5,1
Z1125,4,pineapple juice,,,5,3
Z234,3,delicious smell bite sour tasty ingredient piece,,,5,2
Z1126,4,smell bite sour ingredient piece mix crunchy,,,5,2
Z1127,4,tasty delicious,,,5,1
Z313,2,sauce spicy pork meat crispy chili fry,,,5,3
Z232,3,spicy chili fry vinegar spicy-spicy spice,,,5,3
Z1121,4,spicy fry spice,,,5,3
Z1122,4,chili vinegar spicy-spicy,,,5,5
Z231,3,sauce pork meat crispy,,,5,4
Z1120,4,crispy sauce,,,5,4
Z1119,4,meat pork,,,5,2
Z44,1,dish garlic onion egg meal cheese pepper,,,4,3
Z310,2,dish garlic onion egg pepper cook salty,,,5,3
Z226,3,soy-sauce cooking oil recipe rice-rice,,,5,4
Z198,4,soy-sauce oil rice-rice,,,5,4
Z199,4,recipe cooking,,,5,1
Z225,3,dish egg cook beef soup adobo cuisine,,,5,5
Z197,4,egg beef bread breakfast,,,4,2
Z195,4,dish cook soup,,,5,2
Z196,4,adobo cuisine lumpia tender spring bone pancit,,,5,5
Z224,3,garlic onion pepper salty salt tomato ketchup,,,5,4
Z193,4,pepper garlic,,,5,3
Z194,4,onion salty salt tomato ketchup,,,5,4
Z312,2,meal noodle chicken-chicken dip fresh spaghetti mukbang,,,3,4
Z229,3,spaghetti jollibee soft spoon hot-dog fork steak,,,4,5
Z1112,4,spaghetti hot-dog,,,5,4
Z1111,4,jollibee jollibee-jollibee,,,5,5
Z1114,4,spoon knife,,,5,1
Z1113,4,soft fork mushroom steak,,,3,1
Z230,3,meal noodle chicken-chicken dip fresh mukbang plate,,,3,4
Z1117,4,noodle dip mukbang sausage kfc chain,,,4,4
Z1116,4,meal chicken-chicken fresh gravy,,,5,3
Z1118,4,burger pie mcdonald jolly,,,5,5
Z1115,4,plate pasta bowl pan chef juicy excited,,,2,1
Z311,2,cheese sugar dessert milk ice-cream snack bean,,,4,3
Z227,3,cheese dessert ice-cream snack chocolate ube coconut,,,5,5
Z1104,4,ice-cream ube purple,,,5,5
Z1103,4,dessert coconut cake,,,5,3
Z1102,4,chocolate corn cheese-cheese snack-snack oreo,,,4,3
Z1100,4,cheese cheesy,,,5,2
Z1101,4,snack cream creamy butter chip candy cracker,,,5,2
Z228,3,sugar milk bean barbecue chewy peanut grill,,,3,3
Z1106,4,peanut caramel nut ball strawberry tooth,,,3,2
Z1110,4,combination bakery wrap dough cut donut sell,,,4,2
Z1107,4,bean green jelly,,,5,3
Z1109,4,barbecue chewy grill intestine,,,5,5
Z1105,4,milk sugar,,,5,1
Z1108,4,leaf sticky portion veggie alina,,,1,1
Z47,1,road walk ride beach trip tourist local,,,4,2
Z317,2,beach island tour swim boat ocean pool,,,5,3
Z242,3,beach island boat sunset beach-beach palawan sand,,,5,5
Z1188,4,boat sunset palawan lagoon,,,5,5
Z1187,4,beach island beach-beach sand resort,,,5,4
Z241,3,tour swim ocean pool adventure sea swimming,,,5,3
Z1182,4,swim pool swimming,,,5,1
Z1184,4,river typhoon wind,,,4,3
Z1186,4,adventure village travel,,,5,2
Z1185,4,tour guide,,,5,1
Z1183,4,drone port bar catch rock siargao fly,,,2,5
Z1181,4,ocean sea diving shark,,,5,4
Z318,2,road walk ride trip tourist local spot,,,4,2
Z245,3,road car bike motorbike,,,5,2
Z1196,4,road car,,,5,1
Z1197,4,bike motorbike,,,5,3
Z243,3,walk ride taxi busy tricycle hotel bus,,,5,4
Z1192,4,hotel ferry wifus cebu-cebu bohol,,,4,5
Z1190,4,busy walk,,,5,2
Z1191,4,online ticket load scooter distance internet fee,,,3,3
Z1189,4,ride taxi tricycle bus terminal,,,5,4
Z244,3,trip tourist local spot view flight explore,,,5,3
Z1194,4,trip local view explore main airport destination,,,5,3
Z1193,4,tourist spot,,,5,3
Z1195,4,flight plane,,,5,1
